participant_id,ad_group,vaccine_uptake,post_attitude_score
P01502,Control,0,3
P02587,Ad_Emotion,0,5
P02654,Ad_Reason,0,1
P01056,Ad_Reason,0,3
P00706,Ad_Emotion,1,4
P00107,Ad_Reason,1,3
P00590,Ad_Emotion,1,3
P02469,Control,1,2
P02414,Control,1,3
P01601,Ad_Emotion,0,3
P02465,Control,0,1
P00229,Control,1,4
P00916,Ad_Reason,0,4
P00795,Ad_Emotion,1,4
P03022,Ad_Emotion,1,4
P03544,Ad_Reason,1,4
P01074,Ad_Reason,1,4
P03352,Ad_Emotion,1,5
P01745,Ad_Reason,1,3
P01085,Ad_Emotion,1,5
P00927,Ad_Emotion,1,4
P03050,Ad_Reason,1,3
P01118,Control,0,2
P00643,Ad_Emotion,1,4
P04768,Ad_Reason,1,2
P00502,Ad_Emotion,0,3
P04067,Ad_Reason,1,2
P00334,Control,1,2
P04685,Ad_Reason,0,5
P00487,Ad_Emotion,1,5
P01963,Control,1,5
P00394,Ad_Reason,1,2
P04843,Control,0,3
P04867,Ad_Reason,0,2
P01756,Ad_Reason,0,3
P02516,Ad_Emotion,0,3
P03586,Control,0,4
P04316,Ad_Emotion,1,3
P04967,Control,1,4
P02100,Ad_Emotion,1,4
P03600,Ad_Reason,1,5
P04122,Ad_Reason,1,2
P00030,Control,0,4
P00066,Ad_Emotion,0,5
P00839,Ad_Emotion,1,3
P03907,Ad_Emotion,1,5
P03774,Ad_Emotion,1,4
P04636,Ad_Emotion,1,3
P03162,Control,1,2
P02660,Control,0,2
P04616,Ad_Emotion,0,5
P04629,Ad_Reason,0,3
P02452,Ad_Reason,0,4
P02847,Ad_Reason,0,3
P01145,Ad_Emotion,1,3
P03079,Ad_Emotion,0,5
P01104,Ad_Emotion,1,2
P00169,Ad_Reason,1,3
P01671,Ad_Reason,1,3
P02571,Control,0,3
P02378,Control,0,3
P04396,Ad_Emotion,1,4
P04258,Ad_Reason,0,4
P03863,Ad_Reason,1,4
P00024,Ad_Emotion,1,3
P02634,Ad_Emotion,1,3
P03341,Ad_Reason,1,4
P02216,Ad_Reason,0,4
P03683,Control,0,2
P04725,Ad_Reason,0,4
P01908,Ad_Reason,0,1
P00085,Ad_Reason,1,3
P00228,Control,0,5
P00297,Ad_Emotion,0,3
P01002,Control,1,2
P02139,Ad_Reason,0,4
P00712,Ad_Emotion,0,2
P02802,Ad_Reason,1,3
P02528,Ad_Reason,1,4
P03753,Ad_Reason,1,3
P03322,Ad_Emotion,0,3
P03182,Ad_Reason,0,4
P04184,Control,0,3
P01616,Ad_Reason,1,4
P03025,Control,0,3
P01414,Ad_Reason,1,4
P00764,Ad_Emotion,0,3
P00656,Ad_Emotion,1,4
P04798,Ad_Reason,0,3
P03850,Control,0,3
P04154,Ad_Emotion,1,3
P00469,Ad_Reason,0,3
P00158,Ad_Reason,0,2
P01296,Ad_Reason,1,2
P00498,Ad_Reason,0,4
P04741,Ad_Reason,1,4
P02941,Control,1,4
P03457,Control,0,3
P00374,Ad_Emotion,1,4
P00080,Ad_Emotion,1,4
P01554,Ad_Emotion,1,4
P01670,Control,1,2
P02132,Ad_Emotion,1,4
P04440,Ad_Reason,1,4
P00466,Control,1,3
P00249,Ad_Emotion,1,2
P00932,Control,0,3
P01336,Ad_Emotion,0,5
P04525,Control,0,3
P01339,Ad_Reason,1,3
P01407,Ad_Emotion,1,4
P01091,Control,0,3
P04210,Ad_Reason,0,4
P00743,Control,1,2
P02324,Ad_Emotion,1,4
P03602,Ad_Emotion,0,4
P02124,Control,1,3
P02095,Control,0,3
P00241,Ad_Reason,0,4
P02352,Ad_Emotion,1,4
P01371,Ad_Emotion,0,2
P01058,Ad_Reason,0,4
P04817,Ad_Reason,1,3
P00200,Ad_Reason,1,3
P02281,Control,0,3
P04750,Control,0,3
P02221,Control,1,4
P04772,Ad_Reason,0,3
P02820,Ad_Reason,1,2
P03151,Ad_Emotion,1,3
P04257,Ad_Emotion,1,4
P03108,Ad_Emotion,1,5
P01974,Ad_Emotion,1,4
P01376,Ad_Emotion,1,3
P03969,Ad_Reason,0,5
P04063,Ad_Reason,1,4
P04446,Ad_Reason,1,5
P03558,Ad_Reason,0,3
P00965,Ad_Reason,1,4
P00180,Ad_Reason,0,4
P03699,Ad_Emotion,0,5
P03822,Control,0,4
P04879,Control,0,4
P03900,Ad_Reason,1,3
P04488,Ad_Emotion,1,3
P03239,Control,0,3
P02975,Ad_Reason,0,4
P03581,Control,1,3
P02888,Ad_Emotion,1,5
P02576,Ad_Emotion,1,5
P01420,Ad_Reason,0,2
P03908,Ad_Emotion,1,3
P04674,Ad_Reason,1,3
P04903,Control,0,3
P01861,Control,1,2
P00009,Control,0,4
P02895,Control,1,3
P02848,Ad_Emotion,0,4
P03665,Ad_Reason,1,2
P00145,Ad_Reason,0,2
P02105,Ad_Emotion,1,4
P03144,Ad_Reason,0,1
P00842,Ad_Reason,0,4
P01129,Ad_Reason,1,3
P00152,Ad_Reason,1,5
P03592,Control,1,5
P01053,Ad_Emotion,1,3
P01591,Ad_Reason,1,3
P03009,Control,0,4
P02030,Control,1,5
P03419,Ad_Reason,0,2
P01808,Ad_Emotion,1,2
P02697,Ad_Reason,1,3
P03040,Ad_Reason,1,4
P00473,Control,1,3
P03290,Control,0,4
P04075,Ad_Reason,0,2
P03497,Control,0,1
P00280,Ad_Reason,0,4
P01742,Ad_Reason,1,2
P04625,Ad_Reason,1,1
P02887,Ad_Reason,1,3
P01942,Ad_Emotion,0,4
P00101,Control,1,3
P02805,Ad_Reason,1,3
P03571,Control,1,3
P03685,Ad_Reason,0,3
P03662,Control,1,2
P00531,Control,1,2
P01887,Ad_Emotion,1,4
P00682,Ad_Emotion,1,4
P03795,Ad_Emotion,0,4
P03945,Ad_Emotion,0,3
P04667,Ad_Reason,0,3
P02019,Control,0,1
P01097,Ad_Emotion,1,4
P00830,Ad_Emotion,0,5
P02806,Ad_Emotion,0,2
P03830,Control,1,2
P04382,Control,1,3
P03892,Control,1,4
P00765,Ad_Reason,1,3
P02768,Control,0,2
P04329,Control,1,1
P03296,Ad_Reason,0,3
P02195,Ad_Reason,1,5
P02358,Ad_Emotion,1,4
P03426,Ad_Reason,0,3
P03980,Ad_Reason,1,4
P00912,Ad_Reason,1,3
P03146,Control,1,2
P01000,Ad_Reason,0,4
P03654,Ad_Reason,0,4
P02484,Ad_Reason,1,3
P04077,Ad_Emotion,0,3
P02371,Ad_Emotion,1,5
P04839,Ad_Reason,1,4
P00034,Ad_Emotion,0,3
P03790,Control,1,4
P01021,Control,1,3
P01648,Control,1,2
P00734,Ad_Emotion,1,3
P04583,Ad_Emotion,1,2
P03275,Ad_Emotion,1,4
P01621,Ad_Emotion,1,2
P03136,Ad_Reason,1,2
P02690,Ad_Emotion,0,2
P02708,Ad_Reason,1,3
P00298,Ad_Emotion,0,3
P02340,Control,1,3
P00654,Control,1,2
P03775,Control,1,2
P01256,Control,1,3
P04521,Ad_Reason,1,3
P00231,Control,0,3
P03277,Ad_Reason,0,2
P03231,Control,0,3
P00692,Ad_Reason,1,5
P02755,Ad_Emotion,1,4
P04864,Ad_Reason,1,3
P00970,Ad_Emotion,0,4
P00634,Ad_Emotion,0,3
P04093,Ad_Emotion,0,4
P04078,Control,0,3
P01322,Control,0,3
P01832,Ad_Reason,0,4
P02179,Control,0,2
P01418,Ad_Emotion,0,3
P01783,Control,1,2
P04716,Ad_Reason,0,2
P04702,Ad_Reason,1,2
P04119,Control,0,3
P01653,Control,1,2
P01484,Ad_Reason,1,4
P02276,Ad_Emotion,1,4
P00878,Ad_Emotion,1,2
P03526,Ad_Reason,0,4
P02017,Ad_Emotion,0,4
P00427,Ad_Emotion,1,3
P00627,Control,0,3
P01590,Ad_Reason,0,2
P02224,Ad_Emotion,0,4
P02218,Ad_Reason,1,2
P04484,Ad_Emotion,1,2
P01486,Ad_Reason,0,3
P01740,Control,1,3
P02481,Ad_Reason,0,3
P02585,Ad_Reason,0,2
P02894,Control,0,3
P00150,Ad_Reason,1,4
P00677,Ad_Reason,0,3
P01262,Ad_Reason,0,3
P04918,Ad_Emotion,0,3
P00013,Ad_Reason,0,4
P01834,Ad_Reason,1,2
P03249,Ad_Emotion,1,4
P01492,Control,1,4
P02728,Ad_Emotion,1,4
P03687,Control,1,3
P01425,Ad_Reason,0,3
P04606,Ad_Emotion,0,5
P04596,Ad_Emotion,1,2
P00732,Ad_Reason,1,2
P01232,Control,0,3
P01635,Ad_Reason,1,5
P03937,Ad_Emotion,1,4
P01211,Ad_Emotion,1,3
P03269,Ad_Reason,1,3
P01935,Ad_Emotion,1,3
P00554,Ad_Reason,0,3
P00492,Ad_Emotion,1,5
P02963,Ad_Emotion,1,2
P02330,Ad_Reason,0,5
P02196,Ad_Emotion,1,4
P03065,Ad_Reason,1,4
P00658,Control,1,3
P02375,Control,1,3
P02226,Ad_Emotion,1,2
P04265,Ad_Reason,0,3
P01171,Ad_Reason,1,4
P00133,Ad_Reason,1,5
P00472,Ad_Emotion,1,2
P03226,Ad_Reason,1,3
P01406,Control,1,3
P02877,Ad_Reason,0,2
P04505,Ad_Reason,0,4
P04693,Control,1,2
P02827,Control,0,3
P00288,Ad_Emotion,0,3
P01870,Ad_Reason,1,3
P03115,Ad_Reason,1,3
P03626,Control,0,3
P02313,Ad_Emotion,1,3
P04924,Ad_Reason,0,3
P01619,Ad_Emotion,0,4
P00995,Ad_Emotion,0,5
P01804,Ad_Reason,1,3
P02643,Ad_Reason,1,4
P04803,Control,0,2
P03536,Control,0,3
P04832,Ad_Emotion,1,3
P03912,Control,1,2
P02108,Ad_Reason,0,3
P03045,Ad_Emotion,1,5
P00417,Ad_Emotion,0,5
P00978,Ad_Emotion,0,4
P02418,Ad_Reason,1,2
P00506,Ad_Reason,0,3
P04153,Ad_Emotion,1,4
P04256,Ad_Emotion,1,4
P03942,Control,0,1
P00415,Ad_Emotion,0,3
P04149,Ad_Emotion,1,4
P01184,Ad_Emotion,1,4
P00486,Ad_Emotion,1,1
P00894,Ad_Emotion,1,3
P00806,Control,1,3
P00556,Ad_Emotion,0,4
P03826,Ad_Emotion,1,4
P01198,Ad_Emotion,1,4
P04254,Control,0,2
P04059,Ad_Reason,1,1
P01294,Ad_Emotion,1,3
P02222,Ad_Emotion,1,5
P03505,Control,0,4
P03655,Ad_Emotion,1,4
P04759,Ad_Reason,0,4
P03007,Ad_Emotion,1,4
P02094,Control,0,2
P02188,Ad_Emotion,1,3
P03037,Ad_Reason,1,5
P03919,Control,1,2
P01273,Ad_Reason,0,5
P00291,Ad_Emotion,1,3
P04828,Control,0,4
P00253,Control,1,2
P03246,Control,0,4
P00351,Control,1,2
P01188,Control,1,2
P01962,Control,1,3
P00423,Ad_Reason,1,4
P00091,Ad_Reason,0,2
P03730,Ad_Reason,1,2
P02237,Ad_Reason,1,3
P00671,Ad_Reason,0,3
P03041,Ad_Emotion,1,4
P00027,Ad_Reason,0,4
P00430,Control,1,3
P00684,Ad_Reason,1,5
P04464,Control,0,3
P03946,Control,0,3
P03524,Ad_Emotion,1,2
P01542,Control,0,3
P02032,Ad_Reason,0,3
P02233,Control,0,4
P04121,Ad_Emotion,1,4
P03236,Ad_Reason,0,2
P00255,Ad_Reason,1,3
P01030,Ad_Reason,0,4
P04393,Control,0,5
P03801,Ad_Reason,1,4
P04311,Control,1,4
P02510,Ad_Emotion,1,4
P02293,Ad_Reason,0,4
P01324,Control,1,4
P01551,Ad_Emotion,0,2
P04648,Ad_Reason,1,3
P00316,Ad_Emotion,1,3
P01243,Ad_Reason,0,4
P02451,Ad_Emotion,0,5
P01579,Ad_Reason,0,3
P04626,Ad_Reason,1,1
P03117,Ad_Emotion,1,3
P00070,Ad_Reason,0,4
P00860,Ad_Reason,1,4
P02754,Ad_Emotion,0,4
P01633,Ad_Emotion,0,3
P01651,Ad_Emotion,1,2
P03861,Ad_Reason,0,4
P03107,Ad_Emotion,0,3
P01075,Ad_Emotion,1,5
P04002,Ad_Emotion,0,4
P00788,Ad_Emotion,1,3
P02606,Ad_Reason,0,3
P03631,Ad_Emotion,1,4
P02122,Control,1,3
P01875,Ad_Reason,1,4
P00812,Ad_Emotion,1,4
P00388,Ad_Emotion,0,3
P02883,Ad_Emotion,1,5
P01176,Ad_Emotion,1,4
P03198,Ad_Emotion,0,4
P02624,Ad_Reason,0,3
P01352,Control,1,3
P00411,Ad_Reason,0,4
P04213,Ad_Emotion,1,2
P00110,Ad_Emotion,1,5
P04996,Ad_Reason,1,5
P03430,Ad_Emotion,0,3
P02810,Control,1,2
P02595,Control,1,3
P02837,Ad_Reason,0,3
P02373,Control,0,3
P01236,Ad_Emotion,1,4
P02147,Ad_Reason,1,4
P04976,Control,1,4
P00600,Ad_Reason,1,4
P01435,Ad_Reason,0,2
P04997,Ad_Emotion,1,5
P00539,Ad_Emotion,1,5
P00722,Control,0,5
P04411,Ad_Reason,0,2
P01873,Control,1,3
P02846,Ad_Emotion,1,2
P02054,Ad_Reason,1,4
P02908,Control,1,2
P02255,Control,0,5
P03913,Ad_Emotion,0,3
P00178,Ad_Emotion,0,2
P02891,Ad_Reason,1,3
P03674,Control,0,1
P00081,Control,1,4
P02562,Ad_Emotion,1,2
P01724,Ad_Emotion,1,4
P01618,Ad_Emotion,0,2
P01655,Ad_Emotion,0,3
P02329,Control,1,5
P04614,Control,1,3
P00222,Control,0,2
P00094,Control,0,3
P02610,Ad_Emotion,0,4
P03383,Ad_Reason,1,4
P04416,Ad_Reason,1,2
P01398,Ad_Emotion,0,4
P04687,Ad_Emotion,1,1
P01293,Ad_Emotion,1,3
P02165,Ad_Emotion,1,3
P02940,Control,0,4
P03669,Ad_Reason,1,3
P00813,Ad_Emotion,1,2
P01259,Ad_Emotion,1,3
P00890,Ad_Emotion,1,4
P01452,Control,1,3
P03317,Control,1,2
P02560,Ad_Emotion,0,3
P03575,Ad_Reason,1,4
P02681,Ad_Emotion,1,3
P04652,Control,1,3
P04812,Control,0,5
P04680,Ad_Reason,0,2
P02965,Control,0,1
P02673,Ad_Emotion,0,4
P00562,Ad_Emotion,1,3
P02779,Ad_Reason,0,3
P02949,Ad_Emotion,1,3
P02818,Ad_Emotion,0,3
P02759,Ad_Emotion,1,5
P01757,Control,1,4
P00725,Ad_Reason,0,4
P00220,Ad_Reason,1,2
P04140,Control,1,2
P03958,Ad_Emotion,0,1
P01589,Control,0,2
P03348,Control,1,4
P03971,Control,1,4
P04708,Ad_Emotion,0,3
P00044,Ad_Reason,1,3
P03002,Ad_Emotion,1,3
P00211,Ad_Reason,0,4
P00678,Ad_Reason,0,4
P00355,Ad_Reason,1,2
P01434,Ad_Emotion,1,4
P00950,Ad_Emotion,1,5
P02844,Control,0,3
P00578,Ad_Emotion,1,4
P03929,Control,0,5
P00545,Control,1,3
P00368,Control,0,3
P01613,Ad_Emotion,0,3
P03551,Ad_Reason,0,3
P03717,Ad_Emotion,0,4
P03780,Ad_Emotion,1,4
P00136,Control,0,2
P04481,Control,1,3
P01438,Ad_Reason,0,5
P00048,Ad_Reason,1,4
P01361,Control,1,4
P00735,Control,1,3
P01535,Ad_Reason,0,4
P02005,Ad_Reason,0,4
P03796,Control,1,2
P02520,Ad_Emotion,1,4
P01973,Ad_Emotion,0,3
P00997,Ad_Emotion,0,3
P00062,Ad_Reason,1,3
P01109,Ad_Reason,1,4
P02406,Ad_Reason,1,2
P00096,Ad_Reason,0,4
P00479,Ad_Reason,0,4
P04360,Ad_Emotion,1,3
P04113,Control,1,1
P03708,Control,0,3
P01102,Control,1,3
P02747,Control,1,3
P02171,Ad_Reason,0,3
P00323,Ad_Emotion,1,2
P04255,Control,0,3
P03143,Control,0,3
P03538,Ad_Reason,1,4
P04926,Ad_Reason,0,3
P02925,Control,1,5
P01150,Ad_Reason,0,1
P03618,Control,1,4
P00292,Ad_Reason,1,3
P03750,Ad_Reason,0,4
P03587,Ad_Reason,0,3
P00534,Control,1,4
P03608,Ad_Reason,1,3
P02649,Ad_Reason,1,2
P04811,Control,0,4
P01984,Control,1,3
P02933,Control,1,3
P01537,Ad_Emotion,1,5
P04535,Control,1,2
P04173,Control,1,4
P03361,Ad_Reason,1,3
P03666,Control,0,3
P04006,Control,1,3
P03627,Ad_Reason,1,2
P00587,Control,1,2
P03257,Ad_Reason,1,5
P02299,Ad_Reason,0,4
P03989,Ad_Emotion,1,4
P00585,Ad_Reason,1,4
P02424,Ad_Reason,0,3
P01392,Ad_Reason,1,5
P04526,Ad_Emotion,1,3
P04921,Ad_Reason,1,4
P04801,Ad_Reason,0,4
P03241,Control,1,2
P04282,Ad_Emotion,0,5
P03339,Control,0,1
P03221,Ad_Emotion,1,5
P02112,Ad_Emotion,1,3
P01175,Ad_Emotion,1,3
P04863,Control,1,1
P03812,Control,0,3
P01868,Control,0,2
P02615,Control,1,2
P03867,Ad_Reason,1,3
P04886,Ad_Reason,1,4
P03779,Ad_Emotion,0,4
P03847,Control,0,3
P02417,Ad_Reason,0,2
P00071,Control,1,2
P04881,Ad_Emotion,0,5
P01127,Control,0,2
P04025,Ad_Emotion,0,5
P03251,Ad_Reason,1,3
P03902,Ad_Reason,1,3
P01096,Ad_Reason,1,4
P04546,Ad_Reason,0,5
P01213,Control,0,3
P03922,Control,0,3
P01426,Control,1,3
P03067,Ad_Reason,1,4
P04520,Ad_Emotion,1,4
P02101,Ad_Emotion,1,4
P00808,Ad_Emotion,1,4
P04744,Control,0,5
P03751,Control,0,3
P01363,Control,1,3
P02318,Ad_Emotion,1,2
P04582,Control,0,1
P04742,Ad_Reason,0,4
P01026,Ad_Emotion,1,4
P03110,Ad_Reason,0,3
P02111,Ad_Reason,1,4
P01042,Control,0,3
P01877,Ad_Reason,1,4
P00882,Control,0,3
P04300,Ad_Reason,1,3
P01193,Ad_Emotion,1,5
P04588,Control,0,3
P04511,Ad_Reason,1,4
P03671,Control,0,3
P00625,Ad_Reason,1,3
P02797,Control,0,3
P04292,Control,1,3
P04969,Control,1,3
P00234,Ad_Emotion,1,3
P04567,Control,1,1
P01663,Ad_Emotion,1,3
P00416,Ad_Reason,1,4
P04247,Ad_Reason,0,3
P02174,Ad_Reason,0,3
P01457,Control,0,4
P00747,Ad_Reason,1,3
P00018,Ad_Emotion,0,2
P01201,Ad_Emotion,0,3
P01700,Ad_Reason,1,3
P03254,Control,0,2
P00597,Control,0,3
P03227,Control,0,3
P04406,Control,1,3
P04720,Ad_Reason,1,4
P01506,Ad_Emotion,1,5
P01413,Ad_Emotion,0,3
P01966,Ad_Emotion,1,4
P00372,Control,0,2
P01341,Ad_Reason,0,2
P00599,Control,1,2
P00239,Control,1,3
P03401,Ad_Reason,1,4
P02068,Ad_Reason,1,5
P00811,Ad_Reason,1,3
P01095,Ad_Reason,1,3
P04325,Ad_Reason,1,3
P04761,Ad_Reason,1,4
P03677,Control,0,3
P03465,Ad_Emotion,1,5
P03104,Ad_Reason,1,1
P02750,Ad_Emotion,1,1
P02296,Control,0,3
P04193,Ad_Reason,1,4
P03709,Ad_Emotion,0,2
P03019,Control,1,1
P04253,Ad_Reason,0,4
P00804,Ad_Emotion,0,4
P04191,Ad_Reason,1,2
P03706,Ad_Emotion,1,3
P00752,Ad_Reason,1,2
P04645,Ad_Emotion,1,4
P02532,Ad_Emotion,0,3
P00622,Ad_Emotion,1,4
P02298,Control,0,1
P03829,Control,0,2
P00567,Ad_Reason,1,2
P01136,Ad_Reason,0,3
P01205,Control,1,2
P01048,Ad_Reason,1,4
P00052,Ad_Reason,0,1
P03652,Ad_Reason,0,3
P01045,Ad_Emotion,1,4
P02182,Control,0,5
P02689,Control,0,3
P00535,Ad_Reason,1,4
P03185,Ad_Emotion,1,2
P03858,Ad_Reason,1,1
P00444,Ad_Reason,1,4
P03605,Ad_Reason,1,3
P00196,Ad_Emotion,0,5
P01116,Ad_Emotion,1,2
P00766,Control,1,4
P01946,Ad_Emotion,1,5
P03248,Control,1,3
P03003,Control,0,3
P01433,Control,0,3
P04201,Control,1,1
P03096,Ad_Emotion,0,5
P02923,Control,1,2
P00645,Control,0,4
P01050,Ad_Emotion,1,2
P03746,Control,1,2
P04094,Control,1,4
P04404,Control,1,3
P00121,Ad_Reason,1,5
P02053,Control,0,3
P04259,Ad_Emotion,0,2
P04889,Ad_Reason,1,4
P04335,Control,0,2
P04692,Ad_Emotion,1,4
P00135,Control,1,3
P02461,Ad_Emotion,1,2
P01955,Control,0,3
P02464,Ad_Reason,0,5
P00185,Ad_Reason,1,4
P01393,Control,1,3
P02277,Ad_Reason,1,4
P00512,Ad_Emotion,1,4
P04730,Ad_Emotion,1,4
P04055,Ad_Emotion,1,3
P03138,Control,0,3
P02670,Ad_Emotion,1,5
P04774,Control,0,2
P04862,Ad_Emotion,0,5
P02118,Ad_Reason,1,3
P00252,Control,1,2
P03527,Ad_Emotion,1,5
P03560,Ad_Reason,0,3
P04012,Ad_Emotion,0,4
P01508,Control,1,3
P00123,Ad_Emotion,1,4
P04260,Ad_Reason,1,4
P03334,Ad_Reason,1,4
P01872,Control,1,1
P03693,Ad_Reason,0,2
P00568,Ad_Reason,0,4
P01372,Ad_Reason,1,3
P03186,Control,1,2
P03956,Control,1,2
P01057,Ad_Reason,1,2
P00857,Ad_Emotion,1,2
P03839,Ad_Emotion,0,3
P02861,Ad_Reason,1,3
P04770,Control,1,2
P00777,Control,0,3
P00721,Ad_Emotion,0,4
P02711,Ad_Reason,1,5
P02655,Control,0,1
P04878,Ad_Emotion,1,5
P00603,Ad_Reason,0,4
P03823,Ad_Emotion,1,3
P01245,Control,1,3
P04846,Ad_Emotion,1,3
P04842,Ad_Emotion,0,4
P00319,Ad_Emotion,1,5
P00829,Ad_Emotion,0,4
P03264,Ad_Reason,1,4
P00275,Ad_Reason,1,3
P02665,Ad_Emotion,1,2
P00550,Control,0,3
P03642,Ad_Reason,0,5
P04054,Ad_Reason,1,2
P04893,Ad_Reason,1,2
P02935,Ad_Emotion,0,4
P00606,Ad_Reason,1,2
P00897,Ad_Reason,1,3
P00528,Ad_Emotion,0,3
P04608,Ad_Reason,0,2
P02348,Ad_Reason,1,2
P03440,Ad_Emotion,0,4
P04999,Ad_Emotion,1,2
P04827,Ad_Reason,1,2
P03923,Control,0,2
P00299,Ad_Emotion,0,4
P02120,Ad_Reason,0,3
P02537,Ad_Emotion,1,3
P04204,Ad_Emotion,0,4
P03255,Control,1,1
P03726,Control,0,3
P01261,Ad_Reason,1,4
P01559,Ad_Emotion,1,3
P03270,Control,1,4
P04047,Ad_Reason,1,2
P00757,Ad_Reason,1,4
P01011,Ad_Emotion,0,4
P02795,Ad_Emotion,0,3
P02906,Control,0,3
P01871,Ad_Emotion,0,3
P02230,Ad_Emotion,1,5
P01174,Ad_Emotion,0,3
P01833,Control,0,2
P00377,Ad_Reason,1,4
P03854,Control,1,2
P03617,Ad_Emotion,1,5
P00799,Control,0,5
P00379,Ad_Reason,0,3
P01159,Ad_Reason,0,4
P03820,Control,1,2
P02793,Ad_Emotion,0,4
P02241,Ad_Reason,1,3
P04036,Ad_Reason,1,4
P02663,Ad_Emotion,1,3
P04013,Ad_Emotion,1,2
P02958,Ad_Reason,0,4
P03928,Control,1,1
P01039,Control,0,3
P03260,Control,0,4
P01345,Ad_Emotion,0,4
P02506,Control,0,5
P01722,Ad_Reason,0,4
P04664,Ad_Emotion,1,3
P00176,Ad_Reason,0,3
P04894,Control,0,3
P01910,Ad_Emotion,0,2
P00046,Control,1,2
P03410,Ad_Reason,1,3
P04675,Ad_Emotion,0,2
P01076,Control,1,3
P02830,Control,1,3
P01505,Ad_Reason,1,2
P02310,Control,1,3
P01437,Ad_Emotion,1,4
P02419,Control,0,3
P03987,Control,1,3
P03099,Control,1,4
P04589,Control,1,4
P00284,Ad_Emotion,1,4
P04919,Ad_Reason,1,2
P00843,Control,1,3
P01514,Ad_Reason,0,4
P01169,Control,0,2
P01593,Control,1,5
P03461,Control,1,2
P03166,Ad_Emotion,1,4
P02285,Control,1,2
P03576,Ad_Emotion,1,4
P04871,Control,0,1
P02306,Ad_Reason,1,3
P00953,Ad_Reason,0,2
P04943,Ad_Emotion,1,4
P03054,Ad_Reason,1,4
P04560,Ad_Emotion,1,4
P02686,Ad_Emotion,1,1
P01490,Control,1,5
P00928,Ad_Reason,1,4
P01210,Ad_Emotion,1,3
P03974,Control,1,3
P03546,Ad_Reason,1,3
P04362,Control,0,2
P01922,Ad_Reason,1,3
P00352,Ad_Reason,1,3
P04899,Control,0,3
P03394,Ad_Reason,1,3
P02722,Control,0,2
P04982,Control,1,3
P00719,Ad_Reason,1,4
P02703,Ad_Reason,0,4
P02723,Control,1,4
P04562,Ad_Reason,1,4
P00309,Control,1,2
P01676,Ad_Reason,1,4
P00834,Ad_Emotion,0,2
P00367,Ad_Emotion,1,3
P04507,Ad_Reason,1,2
P02079,Ad_Reason,1,4
P04039,Ad_Emotion,0,5
P04847,Control,1,3
P04480,Control,1,4
P01747,Ad_Emotion,1,3
P00020,Ad_Emotion,0,4
P01323,Control,0,3
P03568,Control,1,4
P02522,Ad_Emotion,1,3
P00219,Ad_Reason,1,3
P01488,Ad_Emotion,1,4
P00439,Control,0,4
P04175,Ad_Emotion,1,3
P02751,Ad_Emotion,1,4
P03289,Ad_Emotion,0,3
P03434,Ad_Reason,1,1
P02526,Control,1,3
P04651,Control,0,4
P03689,Ad_Emotion,1,4
P02764,Ad_Emotion,1,2
P00803,Ad_Emotion,1,3
P02998,Ad_Reason,1,1
P02229,Ad_Emotion,0,5
P04786,Control,1,2
P02078,Control,0,4
P00583,Control,0,4
P00204,Ad_Emotion,1,3
P04347,Ad_Emotion,1,2
P03479,Ad_Reason,1,4
P02930,Control,0,2
P03086,Ad_Emotion,0,4
P01019,Ad_Emotion,1,3
P01584,Control,0,1
P01033,Ad_Reason,1,1
P01719,Ad_Reason,1,4
P01282,Ad_Reason,0,3
P02499,Control,0,2
P03351,Ad_Reason,1,4
P00518,Control,1,4
P01748,Control,0,3
P04653,Ad_Reason,0,3
P03733,Control,0,4
P00669,Ad_Reason,1,2
P04060,Control,0,3
P03027,Control,1,4
P04933,Ad_Reason,0,4
P03287,Ad_Emotion,0,2
P02651,Ad_Emotion,1,3
P04454,Ad_Reason,0,2
P03193,Ad_Reason,1,3
P02125,Ad_Reason,1,4
P03376,Ad_Emotion,0,5
P03393,Ad_Emotion,1,3
P03486,Control,0,3
P00760,Control,0,4
P03380,Ad_Reason,1,4
P04441,Control,0,4
P02527,Ad_Emotion,1,4
P04859,Control,0,2
P00908,Control,1,2
P02684,Ad_Emotion,0,2
P00215,Ad_Emotion,1,4
P03332,Ad_Reason,1,4
P04459,Ad_Emotion,1,5
P00694,Control,1,4
P01504,Ad_Reason,1,4
P02415,Ad_Reason,0,3
P02119,Ad_Reason,1,2
P03859,Ad_Reason,1,4
P02463,Control,0,3
P03636,Control,0,3
P04106,Ad_Emotion,0,4
P04479,Ad_Emotion,0,4
P00197,Control,0,4
P04668,Ad_Reason,0,5
P01544,Control,0,4
P01331,Control,1,4
P00880,Ad_Emotion,0,4
P04503,Ad_Reason,1,3
P03502,Control,0,4
P03895,Ad_Emotion,1,2
P04991,Ad_Reason,1,4
P00888,Ad_Emotion,1,2
P01346,Control,0,3
P00069,Ad_Emotion,1,3
P04211,Control,1,4
P01816,Control,1,3
P00569,Control,1,1
P02168,Ad_Emotion,1,4
P00097,Ad_Reason,1,3
P04182,Control,0,4
P03354,Control,1,3
P00140,Ad_Reason,1,4
P04955,Ad_Reason,1,2
P02603,Control,0,2
P04024,Ad_Reason,1,3
P04773,Ad_Reason,0,4
P01607,Ad_Emotion,0,5
P01630,Ad_Reason,1,2
P01540,Control,0,4
P01695,Control,0,1
P02060,Ad_Emotion,0,2
P00464,Ad_Reason,0,2
P02331,Ad_Emotion,1,2
P03044,Control,1,1
P04735,Ad_Emotion,1,4
P00595,Ad_Reason,1,3
P03815,Ad_Emotion,0,4
P00626,Ad_Emotion,1,4
P00451,Ad_Reason,1,4
P01500,Ad_Reason,1,4
P02457,Ad_Reason,1,3
P04723,Ad_Reason,1,2
P02985,Control,1,4
P01570,Control,0,2
P01035,Ad_Emotion,1,3
P03519,Ad_Emotion,1,3
P01558,Ad_Reason,1,2
P03625,Ad_Reason,1,3
P04665,Ad_Reason,1,4
P00151,Ad_Emotion,0,4
P01421,Ad_Emotion,1,3
P02012,Ad_Emotion,1,3
P02687,Ad_Reason,1,4
P01787,Control,1,3
P00089,Ad_Emotion,0,5
P00458,Ad_Emotion,0,5
P01306,Control,0,4
P02926,Ad_Reason,1,2
P03271,Ad_Reason,1,4
P03228,Control,1,3
P01989,Ad_Emotion,1,3
P03755,Ad_Reason,1,3
P03647,Ad_Reason,0,4
P00832,Ad_Emotion,1,4
P00240,Control,1,2
P04682,Control,0,4
P03023,Ad_Reason,1,3
P03149,Ad_Emotion,0,4
P01947,Control,0,3
P02776,Control,1,3
P00193,Ad_Reason,1,4
P04850,Ad_Reason,1,2
P04940,Control,1,5
P00945,Control,1,1
P01269,Control,1,2
P04232,Ad_Reason,1,4
P02308,Control,1,4
P04425,Control,0,3
P04712,Ad_Emotion,1,4
P02314,Ad_Emotion,0,4
P03215,Ad_Emotion,1,3
P02733,Control,1,4
P01927,Ad_Reason,1,4
P04228,Ad_Emotion,1,4
P04677,Control,1,2
P00801,Ad_Emotion,0,4
P03672,Ad_Reason,0,3
P04194,Ad_Emotion,0,3
P02969,Control,1,3
P04794,Ad_Reason,0,3
P04369,Ad_Emotion,0,4
P02777,Ad_Emotion,1,3
P02971,Control,0,5
P03868,Ad_Reason,1,2
P01744,Ad_Reason,0,4
P03949,Ad_Reason,0,4
P03803,Ad_Reason,1,3
P02025,Ad_Reason,0,4
P02275,Ad_Reason,0,2
P00100,Ad_Reason,1,5
P04922,Ad_Reason,1,3
P03408,Ad_Emotion,0,3
P04246,Control,0,3
P04620,Ad_Emotion,0,4
P04917,Control,0,2
P00192,Ad_Emotion,0,3
P04697,Ad_Reason,0,3
P01785,Control,1,2
P01533,Control,0,5
P02835,Ad_Emotion,0,3
P04445,Control,1,4
P04916,Ad_Reason,1,4
P01599,Ad_Reason,0,2
P01780,Control,0,3
P04901,Ad_Emotion,1,4
P02575,Ad_Emotion,1,3
P03399,Control,0,4
P03976,Control,0,4
P03771,Ad_Emotion,0,5
P00167,Ad_Emotion,1,3
P01752,Ad_Reason,0,2
P01480,Ad_Reason,1,3
P01025,Ad_Reason,1,3
P01789,Ad_Reason,1,4
P02265,Ad_Reason,0,1
P02474,Ad_Emotion,1,4
P01823,Control,1,3
P01221,Ad_Reason,0,3
P01667,Ad_Reason,0,5
P02961,Ad_Emotion,1,4
P00153,Control,0,4
P02535,Control,1,3
P04689,Control,0,4
P01979,Control,1,5
P01470,Control,1,4
P02808,Ad_Reason,0,2
P02513,Control,1,3
P02944,Control,1,3
P02981,Ad_Reason,1,4
P04823,Ad_Emotion,0,4
P03018,Ad_Emotion,1,3
P01567,Ad_Emotion,1,4
P00032,Control,1,1
P00938,Control,1,4
P01216,Control,1,2
P01938,Ad_Reason,0,3
P01130,Ad_Reason,1,3
P00310,Ad_Reason,1,4
P04902,Ad_Reason,0,1
P02169,Control,0,3
P03114,Control,0,3
P00496,Ad_Emotion,1,3
P00206,Control,0,5
P02674,Ad_Reason,1,2
P03358,Control,0,4
P03831,Ad_Emotion,1,4
P00306,Ad_Emotion,1,5
P03794,Control,1,2
P02202,Ad_Reason,1,3
P01062,Ad_Emotion,1,5
P00844,Ad_Emotion,0,4
P03873,Control,0,1
P02252,Ad_Reason,0,3
P00212,Ad_Reason,0,4
P03998,Ad_Emotion,1,4
P00680,Ad_Emotion,1,3
P00566,Ad_Emotion,0,1
P03291,Control,1,4
P04355,Ad_Reason,1,2
P00681,Ad_Reason,0,1
P00181,Ad_Reason,1,1
P04280,Ad_Reason,0,4
P02496,Ad_Reason,1,3
P02317,Ad_Reason,0,3
P04274,Control,1,4
P00279,Ad_Reason,0,4
P03684,Control,1,5
P04763,Ad_Emotion,1,2
P00433,Ad_Reason,1,3
P00290,Control,0,1
P01028,Ad_Emotion,1,3
P00536,Ad_Emotion,0,3
P03632,Ad_Reason,1,4
P00189,Ad_Emotion,1,4
P02175,Ad_Emotion,0,4
P03916,Ad_Reason,0,4
P01863,Ad_Emotion,0,5
P00271,Ad_Reason,0,3
P01729,Ad_Emotion,1,3
P04076,Ad_Reason,1,4
P02158,Control,1,2
P03932,Ad_Reason,0,5
P00112,Ad_Emotion,1,3
P02385,Control,1,2
P00221,Ad_Reason,1,3
P00628,Ad_Emotion,1,4
P01182,Ad_Emotion,1,3
P03382,Ad_Emotion,1,3
P02423,Ad_Emotion,1,5
P00791,Ad_Reason,1,2
P04276,Ad_Reason,0,3
P00462,Ad_Reason,1,4
P04403,Ad_Reason,1,2
P00552,Ad_Reason,0,4
P03130,Control,1,2
P01445,Ad_Reason,0,4
P00199,Ad_Emotion,0,3
P02590,Ad_Reason,0,4
P00403,Control,1,4
P03960,Ad_Reason,1,4
P04190,Control,0,3
P04764,Ad_Reason,1,3
P02096,Control,0,2
P02901,Control,1,4
P04463,Ad_Reason,1,3
P00651,Control,0,2
P00709,Ad_Reason,1,4
P01481,Ad_Reason,0,3
P04415,Ad_Reason,1,2
P03066,Ad_Reason,0,2
P02396,Control,0,3
P01770,Ad_Reason,1,3
P00315,Control,1,3
P03762,Control,1,4
P04910,Ad_Reason,1,4
P00114,Control,1,3
P00961,Ad_Reason,1,3
P02911,Ad_Emotion,1,4
P03406,Ad_Emotion,0,5
P01624,Ad_Reason,0,3
P03323,Ad_Reason,0,3
P05000,Ad_Reason,0,2
P01819,Ad_Reason,0,2
P03195,Ad_Emotion,0,4
P03008,Ad_Emotion,0,4
P03415,Ad_Emotion,0,4
P04529,Control,1,3
P01898,Ad_Emotion,1,5
P01919,Ad_Reason,0,3
P01271,Ad_Reason,1,4
P04177,Ad_Reason,0,3
P04963,Ad_Reason,0,3
P04884,Ad_Reason,1,4
P04095,Control,1,3
P03160,Ad_Reason,1,4
P01814,Control,0,3
P02427,Ad_Reason,0,3
P03951,Ad_Reason,1,5
P04429,Ad_Emotion,0,5
P02143,Ad_Reason,0,4
P01627,Control,1,3
P00790,Ad_Emotion,1,5
P03787,Ad_Emotion,1,4
P01865,Control,1,3
P02866,Ad_Reason,0,3
P00872,Ad_Emotion,1,4
P03272,Control,0,1
P03834,Control,1,3
P00074,Ad_Emotion,1,3
P01753,Control,1,5
P01422,Ad_Emotion,1,4
P04222,Control,1,2
P04694,Control,1,3
P04370,Ad_Emotion,0,3
P04576,Ad_Emotion,1,4
P03810,Ad_Emotion,1,4
P02245,Ad_Emotion,0,5
P03048,Control,0,2
P02446,Control,1,3
P00495,Ad_Emotion,0,2
P03131,Ad_Reason,1,4
P04322,Control,0,4
P04398,Ad_Reason,0,4
P01165,Control,0,3
P03735,Control,1,3
P01731,Ad_Emotion,1,5
P04813,Ad_Emotion,1,3
P02403,Ad_Reason,1,3
P03404,Ad_Emotion,0,3
P00619,Ad_Emotion,0,3
P01698,Control,1,3
P03594,Control,1,4
P01958,Control,0,3
P01222,Control,1,3
P02074,Ad_Emotion,1,3
P03411,Ad_Emotion,1,3
P00870,Control,0,3
P02719,Control,0,2
P01043,Control,1,4
P01362,Ad_Emotion,0,3
P00357,Ad_Reason,1,4
P01163,Ad_Emotion,1,2
P02766,Ad_Reason,0,4
P03253,Control,0,4
P01439,Ad_Emotion,1,4
P03604,Control,0,2
P04941,Control,1,3
P04594,Ad_Emotion,0,2
P03640,Ad_Reason,1,3
P01254,Ad_Reason,1,4
P03366,Ad_Reason,0,4
P00333,Ad_Reason,0,3
P03695,Ad_Reason,1,2
P03569,Ad_Reason,0,4
P02729,Ad_Emotion,1,4
P03668,Ad_Reason,1,1
P01631,Ad_Reason,0,4
P01117,Ad_Reason,1,3
P01850,Ad_Emotion,1,5
P03555,Control,0,2
P03154,Ad_Reason,1,1
P03266,Ad_Reason,0,4
P01666,Ad_Reason,1,4
P00446,Ad_Reason,0,2
P02246,Control,0,2
P00453,Ad_Emotion,1,5
P01552,Control,0,3
P04435,Ad_Reason,0,4
P02955,Control,0,2
P00015,Ad_Emotion,0,2
P03629,Ad_Emotion,1,3
P00946,Control,1,3
P00248,Control,0,3
P04698,Ad_Emotion,0,3
P00361,Ad_Emotion,0,4
P04657,Ad_Emotion,0,3
P01615,Control,1,2
P02304,Ad_Emotion,0,4
P04142,Ad_Emotion,1,2
P03169,Ad_Emotion,1,2
P02479,Control,0,4
P04215,Ad_Emotion,0,4
P04181,Ad_Emotion,1,4
P04885,Control,1,2
P03164,Control,0,2
P00491,Ad_Emotion,1,3
P00863,Control,0,1
P01741,Ad_Reason,0,3
P04100,Ad_Emotion,1,4
P04386,Ad_Reason,1,5
P02448,Control,0,3
P04231,Ad_Reason,1,4
P00507,Ad_Reason,0,1
P02678,Ad_Reason,1,4
P02996,Control,1,2
P01943,Ad_Reason,1,4
P01223,Ad_Reason,1,3
P01114,Control,0,4
P01906,Control,0,2
P03424,Ad_Reason,1,4
P01878,Ad_Reason,1,3
P04673,Ad_Reason,0,3
P00434,Ad_Emotion,1,3
P02365,Ad_Reason,0,2
P03155,Control,1,3
P02836,Ad_Emotion,0,4
P02093,Ad_Reason,1,4
P03011,Ad_Reason,1,3
P03163,Ad_Reason,1,4
P02946,Control,0,4
P03917,Ad_Reason,0,2
P02917,Ad_Emotion,1,4
P01103,Ad_Reason,1,2
P01449,Ad_Emotion,1,4
P01721,Ad_Reason,0,4
P04519,Ad_Emotion,1,2
P03843,Control,0,3
P00157,Control,0,3
P02979,Ad_Reason,1,3
P01774,Ad_Reason,1,5
P00616,Ad_Reason,1,3
P00644,Ad_Reason,1,2
P01936,Ad_Reason,1,3
P04278,Ad_Emotion,1,4
P01069,Ad_Emotion,1,3
P04455,Control,1,4
P04155,Ad_Reason,0,4
P04240,Control,1,1
P04869,Ad_Reason,1,3
P00331,Ad_Reason,1,3
P02058,Ad_Reason,1,4
P02647,Ad_Emotion,1,1
P02192,Control,1,5
P00623,Ad_Emotion,1,4
P01596,Ad_Emotion,0,4
P02916,Ad_Emotion,1,5
P04822,Ad_Reason,1,5
P03899,Ad_Reason,0,4
P01920,Ad_Reason,0,4
P04174,Control,1,3
P04478,Ad_Reason,0,3
P00756,Control,0,3
P00519,Ad_Reason,0,2
P03804,Ad_Reason,1,3
P00033,Ad_Emotion,0,2
P02938,Ad_Reason,1,3
P01158,Ad_Reason,0,2
P00745,Ad_Reason,1,3
P01498,Ad_Emotion,1,4
P03460,Ad_Emotion,1,4
P03756,Ad_Reason,0,3
P02592,Control,0,5
P00784,Ad_Emotion,1,5
P03494,Control,0,2
P02950,Ad_Reason,1,4
P00230,Control,1,2
P00858,Ad_Reason,1,2
P02267,Ad_Reason,0,2
P04275,Ad_Reason,1,4
P00409,Control,0,2
P00171,Ad_Emotion,0,5
P00541,Ad_Emotion,1,5
P02211,Ad_Reason,1,5
P02305,Ad_Reason,1,2
P02568,Ad_Emotion,0,4
P00614,Control,0,4
P02102,Ad_Emotion,0,3
P01809,Ad_Emotion,0,3
P03439,Ad_Reason,0,5
P01162,Ad_Reason,1,4
P04226,Control,1,4
P03120,Control,0,2
P03653,Ad_Reason,1,2
P01611,Ad_Reason,1,3
P01933,Ad_Reason,1,3
P03028,Control,1,2
P00565,Control,1,3
P03572,Control,1,1
P04248,Control,0,2
P02389,Ad_Emotion,1,4
P01472,Ad_Emotion,1,4
P02631,Ad_Emotion,0,3
P01836,Control,0,2
P04929,Ad_Emotion,0,3
P03476,Control,1,3
P01534,Ad_Emotion,1,4
P04328,Ad_Emotion,0,5
P02485,Ad_Emotion,1,3
P04208,Control,1,2
P01173,Ad_Emotion,0,4
P01428,Control,0,2
P00326,Ad_Emotion,1,3
P01052,Ad_Reason,0,5
P03320,Control,1,4
P04722,Control,0,3
P03865,Ad_Reason,0,2
P02604,Ad_Reason,0,4
P01739,Control,1,4
P01197,Ad_Reason,1,3
P00621,Ad_Reason,0,5
P01375,Control,1,4
P02880,Control,0,5
P01190,Ad_Reason,1,4
P00329,Ad_Reason,0,4
P00649,Ad_Emotion,1,5
P00898,Ad_Emotion,0,4
P03883,Control,0,2
P01124,Control,0,3
P01892,Ad_Emotion,0,4
P04644,Ad_Emotion,1,2
P04792,Ad_Emotion,1,3
P04530,Ad_Reason,1,4
P04235,Ad_Reason,0,1
P01594,Control,0,5
P03313,Ad_Emotion,1,5
P02548,Ad_Reason,0,3
P01546,Control,0,4
P04337,Ad_Reason,0,3
P01024,Ad_Reason,1,5
P01972,Ad_Emotion,0,5
P04989,Ad_Reason,1,2
P01715,Ad_Reason,0,4
P01718,Ad_Emotion,1,3
P01478,Ad_Emotion,1,4
P00810,Ad_Emotion,1,3
P02851,Control,0,5
P00979,Ad_Emotion,1,5
P04688,Ad_Emotion,1,3
P04896,Ad_Reason,0,2
P01685,Control,0,3
P04661,Ad_Reason,1,4
P01515,Ad_Reason,0,4
P02405,Ad_Reason,0,5
P02022,Ad_Emotion,1,4
P04554,Ad_Emotion,1,5
P01768,Ad_Emotion,1,4
P00175,Control,1,2
P01555,Control,1,3
P04216,Ad_Reason,1,4
P01483,Ad_Reason,0,3
P04462,Ad_Emotion,0,4
P00218,Control,1,3
P03915,Ad_Emotion,0,3
P03721,Control,0,3
P00691,Control,0,3
P02578,Control,0,2
P02234,Control,0,3
P02239,Ad_Emotion,1,3
P01107,Control,1,4
P01790,Ad_Emotion,1,3
P03189,Control,0,4
P02437,Ad_Emotion,1,5
P00612,Ad_Emotion,0,4
P03661,Control,0,2
P03712,Control,1,1
P00577,Ad_Reason,1,2
P02064,Ad_Emotion,1,2
P04436,Ad_Reason,0,5
P01181,Control,1,3
P00889,Ad_Reason,1,4
P03129,Control,1,1
P01733,Ad_Reason,0,2
P02664,Ad_Emotion,0,4
P00818,Control,0,3
P03278,Ad_Emotion,1,3
P01860,Control,0,4
P00209,Ad_Reason,0,5
P00294,Ad_Reason,1,3
P01120,Control,0,3
P02214,Ad_Reason,1,3
P01610,Control,1,5
P01265,Ad_Reason,1,1
P00991,Ad_Emotion,0,4
P04198,Ad_Reason,0,3
P01617,Ad_Emotion,1,4
P00354,Ad_Reason,0,3
P04558,Ad_Reason,1,3
P02023,Control,1,4
P03691,Ad_Emotion,1,5
P02556,Ad_Emotion,0,4
P03049,Control,1,2
P01229,Ad_Emotion,0,3
P00260,Ad_Reason,0,3
P01520,Ad_Reason,1,2
P01778,Ad_Reason,0,3
P04740,Ad_Emotion,0,4
P01771,Ad_Reason,1,2
P04354,Ad_Reason,1,4
P00053,Ad_Emotion,0,4
P03474,Ad_Reason,0,3
P04684,Ad_Emotion,0,3
P04412,Control,0,5
P02410,Control,1,4
P02788,Ad_Emotion,1,4
P02345,Ad_Emotion,1,3
P01034,Ad_Emotion,1,4
P01098,Ad_Reason,0,3
P00544,Ad_Reason,0,1
P01047,Ad_Emotion,1,5
P01895,Ad_Reason,0,3
P04377,Ad_Reason,1,4
P00031,Ad_Emotion,0,4
P00726,Ad_Reason,0,3
P04962,Control,1,3
P04719,Ad_Reason,0,2
P03904,Ad_Reason,0,5
P01427,Ad_Emotion,1,2
P02498,Control,0,2
P00437,Control,1,3
P02471,Ad_Reason,0,5
P00913,Ad_Reason,0,3
P04223,Ad_Reason,0,2
P04353,Ad_Emotion,1,5
P04513,Ad_Reason,0,4
P04444,Ad_Reason,1,4
P02288,Ad_Reason,1,4
P04598,Control,0,5
P01239,Ad_Emotion,1,5
P00904,Ad_Reason,1,3
P03621,Control,0,5
P03232,Ad_Reason,0,4
P02860,Ad_Emotion,1,4
P00508,Control,0,1
P03222,Ad_Reason,1,3
P00184,Ad_Reason,1,2
P01565,Ad_Reason,1,4
P02705,Control,0,4
P00322,Control,1,1
P03564,Ad_Emotion,1,4
P01539,Ad_Emotion,1,5
P01838,Control,0,3
P02381,Ad_Emotion,1,4
P01913,Ad_Emotion,0,4
P01841,Control,1,3
P02116,Control,0,3
P04438,Ad_Emotion,1,2
P01147,Ad_Reason,1,2
P02487,Control,0,4
P00045,Ad_Reason,1,3
P02155,Ad_Reason,0,3
P01527,Ad_Reason,1,3
P04856,Control,1,3
P01379,Ad_Emotion,0,5
P01766,Control,1,3
P03013,Ad_Emotion,0,2
P00414,Ad_Emotion,0,4
P04285,Ad_Reason,1,3
P01408,Ad_Emotion,1,4
P01659,Ad_Reason,1,5
P00802,Ad_Emotion,1,4
P01289,Ad_Reason,0,4
P02183,Control,0,2
P02589,Ad_Emotion,0,3
P02616,Ad_Emotion,1,4
P02319,Ad_Reason,0,2
P00257,Ad_Emotion,1,4
P04542,Ad_Emotion,1,4
P01730,Control,0,3
P01152,Ad_Emotion,1,5
P04145,Ad_Reason,1,4
P00648,Ad_Reason,1,5
P02909,Ad_Reason,0,2
P01703,Ad_Emotion,1,4
P01882,Ad_Emotion,1,4
P03769,Control,1,2
P01316,Control,1,4
P02270,Ad_Emotion,1,5
P01967,Ad_Reason,1,3
P02466,Ad_Emotion,1,4
P03856,Control,0,3
P01351,Ad_Reason,0,3
P03297,Ad_Reason,1,1
P00113,Ad_Reason,1,3
P03134,Control,1,2
P00264,Control,0,5
P01394,Ad_Reason,1,3
P01879,Control,0,3
P01187,Ad_Reason,0,4
P03072,Control,0,2
P00057,Control,1,2
P01310,Ad_Emotion,1,4
P00696,Ad_Emotion,1,5
P02953,Ad_Emotion,1,4
P01727,Ad_Reason,0,4
P02092,Ad_Reason,0,3
P03870,Control,1,3
P00320,Ad_Emotion,0,4
P04321,Control,0,2
P00683,Ad_Emotion,1,4
P03842,Control,1,2
P03214,Ad_Emotion,1,4
P02003,Ad_Reason,0,3
P04783,Ad_Reason,0,5
P04151,Ad_Emotion,1,4
P00287,Ad_Reason,1,2
P01889,Ad_Emotion,0,3
P02338,Ad_Reason,1,4
P02521,Ad_Emotion,0,5
P02278,Control,0,2
P02128,Ad_Emotion,1,2
P03500,Ad_Reason,1,4
P04212,Ad_Emotion,1,2
P02084,Control,0,3
P00737,Control,1,3
P04802,Control,0,3
P00337,Ad_Reason,0,4
P02597,Control,1,2
P02772,Ad_Emotion,1,3
P03705,Control,0,3
P04405,Ad_Reason,1,3
P01072,Ad_Reason,0,3
P02291,Control,1,3
P01673,Control,1,4
P04084,Ad_Emotion,1,4
P04251,Control,0,3
P04114,Control,1,1
P04409,Ad_Emotion,1,4
P03367,Ad_Reason,0,4
P01489,Ad_Reason,1,4
P00499,Ad_Emotion,0,3
P04383,Ad_Emotion,1,3
P03480,Control,0,2
P02582,Control,1,4
P03124,Control,1,4
P02922,Ad_Emotion,0,3
P04378,Ad_Emotion,1,5
P02645,Ad_Reason,1,3
P04287,Control,1,3
P04041,Control,1,3
P02035,Ad_Emotion,1,4
P01023,Control,0,3
P02283,Ad_Emotion,1,5
P04887,Ad_Reason,0,2
P04220,Ad_Emotion,1,4
P03064,Ad_Reason,1,3
P04366,Ad_Reason,1,2
P00666,Ad_Emotion,1,4
P03933,Ad_Emotion,1,4
P02639,Control,1,5
P03177,Ad_Reason,1,3
P04266,Ad_Emotion,0,2
P03122,Ad_Reason,1,4
P01018,Ad_Reason,1,1
P00558,Ad_Reason,0,3
P02400,Control,1,3
P01208,Ad_Reason,1,4
P02006,Control,0,4
P02657,Control,0,2
P02136,Control,1,3
P01511,Ad_Emotion,0,3
P01737,Control,1,2
P00246,Control,1,3
P01164,Control,1,2
P03363,Ad_Reason,1,3
P00267,Control,0,2
P02367,Control,1,4
P01115,Ad_Emotion,0,5
P00064,Ad_Emotion,1,2
P02593,Ad_Reason,0,1
P02789,Ad_Reason,1,3
P02758,Control,1,3
P03012,Ad_Reason,1,4
P03077,Ad_Emotion,1,3
P02999,Ad_Emotion,0,3
P02816,Control,0,3
P02260,Ad_Emotion,1,5
P04959,Ad_Reason,0,1
P03205,Ad_Emotion,0,3
P01238,Control,0,3
P00104,Ad_Reason,1,2
P02644,Ad_Reason,1,5
P00273,Ad_Reason,0,3
P00509,Ad_Emotion,0,4
P02227,Control,1,4
P04934,Control,1,2
P02442,Control,1,1
P00866,Control,1,3
P03327,Ad_Reason,1,4
P00909,Ad_Emotion,0,3
P02115,Ad_Reason,1,2
P03897,Control,1,4
P01628,Ad_Reason,0,3
P02874,Ad_Reason,0,3
P01523,Control,0,3
P00836,Control,0,4
P00359,Ad_Emotion,1,5
P00139,Control,0,4
P00300,Ad_Emotion,1,5
P01557,Control,1,2
P01004,Control,1,2
P00383,Ad_Reason,1,3
P00942,Ad_Emotion,1,4
P04447,Control,0,2
P04855,Control,1,3
P00762,Ad_Reason,1,4
P01706,Control,1,3
P01874,Ad_Emotion,1,4
P02551,Ad_Emotion,0,4
P02087,Ad_Emotion,0,3
P02198,Ad_Reason,1,3
P00899,Ad_Emotion,0,2
P04000,Ad_Emotion,1,5
P03616,Ad_Emotion,0,4
P01403,Ad_Emotion,1,3
P03874,Ad_Emotion,0,3
P03786,Ad_Reason,0,5
P04387,Ad_Reason,0,2
P02956,Ad_Reason,0,3
P01513,Control,0,3
P01189,Control,0,4
P02990,Ad_Reason,1,4
P02081,Control,0,5
P04984,Ad_Emotion,0,4
P03438,Ad_Reason,1,2
P00109,Ad_Reason,0,3
P04699,Control,1,3
P02828,Ad_Reason,0,5
P04748,Control,0,2
P00059,Control,1,4
P00077,Ad_Emotion,0,4
P00797,Ad_Reason,1,4
P00369,Ad_Emotion,1,3
P04906,Ad_Reason,0,2
P00786,Ad_Reason,1,4
P02089,Ad_Reason,1,4
P02315,Ad_Emotion,1,5
P03385,Ad_Reason,1,3
P03606,Ad_Reason,1,3
P04112,Ad_Reason,1,2
P01903,Ad_Reason,1,4
P01704,Ad_Emotion,1,4
P00122,Control,1,2
P01845,Ad_Emotion,1,3
P02370,Control,1,3
P03729,Control,0,2
P00911,Control,0,2
P00125,Control,1,2
P02573,Ad_Reason,1,3
P01587,Ad_Emotion,1,3
P01258,Ad_Emotion,1,2
P03442,Control,0,5
P03481,Ad_Emotion,1,5
P04109,Control,1,2
P01179,Ad_Emotion,1,4
P03464,Control,0,3
P03470,Ad_Reason,0,4
P03468,Control,0,2
P02104,Ad_Emotion,1,5
P00443,Ad_Emotion,0,3
P02228,Ad_Emotion,1,2
P04417,Control,1,4
P00926,Ad_Emotion,0,5
P04021,Ad_Emotion,1,5
P02146,Ad_Emotion,1,2
P04771,Control,0,4
P01412,Ad_Emotion,1,3
P03467,Ad_Reason,1,4
P02073,Ad_Emotion,0,2
P01510,Control,0,2
P01228,Ad_Reason,1,3
P04073,Ad_Reason,0,3
P02586,Ad_Emotion,0,3
P04451,Ad_Emotion,1,4
P02952,Ad_Reason,1,4
P03886,Control,1,4
P00325,Control,1,5
P03978,Ad_Reason,1,4
P03577,Ad_Reason,1,2
P02212,Ad_Reason,0,5
P03299,Ad_Emotion,1,3
P03036,Ad_Emotion,1,5
P01499,Control,0,5
P01503,Ad_Reason,1,4
P01007,Ad_Emotion,0,2
P04180,Ad_Reason,0,2
P03014,Ad_Reason,0,5
P03517,Ad_Emotion,1,3
P01468,Control,0,3
P01226,Ad_Emotion,1,4
P03168,Ad_Emotion,1,4
P02268,Ad_Emotion,1,4
P03809,Control,1,3
P01217,Ad_Emotion,1,3
P03977,Ad_Reason,1,4
P04585,Ad_Reason,1,4
P00421,Control,0,3
P03423,Control,0,4
P00007,Control,1,3
P00933,Control,1,2
P01692,Ad_Emotion,0,3
P00440,Control,0,2
P01314,Control,0,3
P00679,Ad_Reason,1,5
P01944,Ad_Reason,1,2
P04611,Ad_Reason,0,3
P03304,Control,0,2
P02269,Ad_Emotion,1,3
P04634,Ad_Reason,1,2
P04081,Ad_Reason,1,3
P02519,Control,1,3
P02440,Ad_Emotion,1,4
P04038,Ad_Emotion,1,4
P01894,Control,0,2
P04245,Ad_Reason,1,4
P04830,Ad_Emotion,0,4
P02641,Control,1,3
P00195,Control,1,3
P01475,Control,1,2
P04617,Control,0,3
P01212,Ad_Emotion,0,4
P02439,Ad_Emotion,1,2
P01658,Ad_Emotion,1,3
P02701,Control,1,3
P03083,Ad_Reason,1,4
P02706,Control,1,4
P04227,Control,0,2
P02843,Ad_Emotion,1,3
P02303,Ad_Emotion,1,3
P01131,Ad_Emotion,0,3
P01462,Ad_Emotion,1,3
P00277,Control,1,4
P02223,Ad_Reason,1,2
P02332,Ad_Reason,1,4
P04323,Control,0,1
P01303,Ad_Reason,0,3
P02518,Ad_Reason,1,3
P00223,Ad_Emotion,0,5
P02037,Control,0,3
P01925,Control,0,1
P00574,Ad_Reason,0,1
P01237,Ad_Emotion,1,4
P03545,Ad_Emotion,1,4
P02134,Ad_Reason,1,4
P01335,Control,1,3
P02458,Control,1,4
P00419,Control,0,2
P04915,Ad_Reason,1,4
P01105,Ad_Reason,1,2
P00258,Ad_Reason,0,2
P00296,Ad_Emotion,1,2
P02362,Control,0,3
P00387,Control,0,3
P03309,Control,0,3
P04014,Ad_Reason,0,3
P02232,Ad_Reason,0,2
P02555,Ad_Reason,1,3
P04336,Ad_Reason,1,2
P03516,Ad_Emotion,1,5
P01840,Ad_Reason,0,3
P04385,Ad_Emotion,1,3
P01564,Control,1,5
P02016,Control,1,2
P01401,Ad_Reason,1,2
P00713,Ad_Reason,1,2
P02421,Ad_Reason,1,3
P02620,Control,1,3
P00210,Ad_Reason,0,4
P04945,Ad_Reason,0,5
P01290,Ad_Emotion,1,1
P00450,Ad_Reason,1,4
P04092,Ad_Reason,0,3
P02570,Ad_Reason,0,3
P01821,Control,0,2
P00959,Ad_Reason,0,2
P01794,Ad_Reason,0,5
P04787,Ad_Reason,0,4
P00655,Control,1,3
P02408,Control,1,4
P03853,Ad_Reason,0,2
P01996,Ad_Reason,1,2
P01761,Ad_Emotion,1,1
P02355,Ad_Reason,0,3
P02742,Ad_Emotion,1,4
P02618,Control,0,3
P00412,Ad_Emotion,1,4
P01775,Ad_Emotion,1,2
P03979,Ad_Emotion,1,4
P02187,Ad_Emotion,0,4
P02380,Ad_Reason,1,4
P03964,Ad_Emotion,1,2
P04312,Ad_Emotion,1,4
P04775,Ad_Emotion,0,2
P03703,Ad_Reason,0,3
P03973,Ad_Emotion,1,4
P04766,Control,1,3
P03559,Control,1,2
P04111,Ad_Reason,0,3
P03498,Control,1,1
P03766,Control,0,4
P00431,Control,1,3
P04485,Ad_Reason,1,4
P02322,Control,1,2
P01367,Control,1,2
P01993,Control,1,2
P02852,Ad_Emotion,1,4
P01177,Control,0,2
P03529,Ad_Emotion,1,4
P01477,Ad_Reason,0,3
P03741,Ad_Reason,0,1
P02046,Control,0,2
P00103,Control,0,2
P04332,Ad_Reason,1,3
P02993,Ad_Emotion,0,2
P01264,Ad_Reason,0,4
P02882,Ad_Reason,1,3
P03139,Ad_Emotion,1,3
P03623,Ad_Emotion,0,4
P03204,Ad_Emotion,0,5
P04279,Ad_Reason,1,3
P03300,Ad_Emotion,1,3
P04994,Ad_Emotion,1,2
P03634,Ad_Emotion,1,3
P01644,Ad_Reason,1,3
P04506,Control,1,3
P00001,Control,1,3
P01581,Ad_Emotion,1,4
P04423,Ad_Reason,0,3
P04117,Ad_Reason,1,3
P01357,Ad_Emotion,1,5
P04202,Ad_Reason,1,4
P04575,Ad_Emotion,1,4
P03734,Control,1,2
P02026,Control,1,2
P02219,Control,0,2
P00397,Ad_Emotion,1,3
P04942,Ad_Reason,0,4
P01065,Ad_Emotion,1,3
P03081,Ad_Reason,1,2
P02154,Ad_Emotion,0,5
P00819,Control,1,3
P01813,Control,0,2
P02553,Control,0,3
P01553,Control,1,3
P04048,Ad_Emotion,1,5
P00817,Control,0,2
P01573,Ad_Reason,0,4
P04553,Ad_Emotion,1,5
P01801,Ad_Reason,0,3
P04288,Control,0,3
P00382,Control,1,2
P02875,Ad_Emotion,1,3
P04348,Ad_Reason,1,3
P04627,Ad_Reason,1,4
P03504,Ad_Reason,1,4
P02312,Ad_Emotion,0,3
P01781,Ad_Emotion,0,2
P02727,Ad_Emotion,1,4
P02438,Control,0,3
P02334,Ad_Emotion,0,4
P00865,Control,1,3
P03639,Ad_Emotion,1,4
P03165,Ad_Reason,1,5
P00555,Ad_Reason,1,4
P01160,Ad_Reason,0,3
P01214,Ad_Reason,1,3
P03761,Ad_Emotion,1,3
P04214,Ad_Reason,1,5
P00049,Ad_Emotion,0,3
P02368,Ad_Emotion,1,4
P00701,Control,1,3
P00653,Ad_Emotion,1,5
P03934,Control,1,5
P04410,Ad_Reason,1,4
P03312,Control,1,3
P00749,Ad_Reason,1,3
P01456,Control,1,1
P04196,Control,1,4
P02390,Ad_Reason,0,3
P03495,Ad_Emotion,0,4
P00867,Ad_Reason,1,3
P00753,Control,1,3
P01645,Ad_Emotion,1,3
P00093,Ad_Reason,1,4
P04825,Control,0,3
P03102,Ad_Reason,1,5
P02433,Ad_Emotion,0,4
P02630,Ad_Emotion,0,2
P01491,Control,1,3
P02896,Ad_Reason,1,3
P02178,Ad_Emotion,1,1
P00730,Ad_Emotion,1,5
P04760,Ad_Reason,1,4
P02472,Ad_Reason,1,4
P02243,Control,0,3
P01937,Ad_Emotion,1,2
P01746,Ad_Reason,0,3
P04747,Ad_Emotion,0,4
P04374,Control,1,2
P03492,Ad_Emotion,0,1
P01111,Ad_Reason,0,3
P03338,Ad_Reason,1,3
P04033,Ad_Emotion,1,4
P04472,Control,1,4
P04158,Control,0,4
P00347,Ad_Reason,1,4
P01186,Ad_Reason,0,4
P04007,Control,0,1
P01516,Control,1,4
P04670,Control,1,4
P00579,Ad_Reason,1,2
P01965,Ad_Reason,1,2
P00076,Ad_Emotion,1,3
P01430,Ad_Reason,1,3
P03713,Control,0,4
P04431,Ad_Reason,0,3
P02752,Ad_Reason,1,2
P04953,Control,1,2
P01847,Control,0,4
P00132,Ad_Reason,0,3
P00179,Ad_Reason,1,3
P02900,Ad_Emotion,1,3
P04467,Control,1,4
P04195,Ad_Reason,0,3
P02523,Ad_Emotion,1,5
P01843,Control,1,3
P02099,Control,0,3
P03950,Control,0,5
P02374,Ad_Reason,1,2
P00605,Ad_Reason,1,3
P02628,Ad_Emotion,0,2
P00026,Ad_Reason,1,4
P00659,Control,0,5
P04978,Control,1,5
P03318,Ad_Reason,0,5
P03869,Ad_Emotion,1,3
P00174,Ad_Emotion,1,3
P01612,Ad_Reason,1,2
P00438,Ad_Reason,0,5
P00332,Ad_Reason,0,4
P03101,Control,1,3
P01455,Control,0,4
P00343,Control,0,2
P03210,Ad_Emotion,1,4
P04577,Control,0,3
P01089,Ad_Reason,1,4
P00480,Control,1,3
P00728,Ad_Reason,1,2
P03784,Control,0,3
P00977,Ad_Emotion,0,5
P03785,Ad_Emotion,1,4
P02978,Ad_Reason,0,4
P01929,Ad_Emotion,1,3
P01469,Control,0,3
P01225,Ad_Reason,1,3
P02857,Ad_Emotion,1,4
P01953,Ad_Emotion,0,4
P04831,Ad_Reason,1,4
P04501,Ad_Emotion,1,5
P01893,Ad_Emotion,1,4
P01300,Control,0,3
P02991,Ad_Emotion,0,3
P04600,Ad_Reason,1,3
P00661,Control,1,2
P04578,Control,1,3
P04074,Control,1,3
P02785,Ad_Reason,0,2
P04938,Ad_Reason,1,1
P03828,Ad_Reason,1,3
P02715,Control,0,3
P04658,Control,1,2
P00268,Control,1,3
P04443,Control,0,5
P04960,Ad_Reason,0,4
P03373,Ad_Reason,1,5
P03596,Control,1,3
P04317,Control,0,4
P03723,Ad_Emotion,0,3
P03407,Ad_Reason,0,3
P01279,Control,0,1
P04641,Ad_Emotion,1,5
P03918,Ad_Reason,1,5
P02679,Ad_Reason,1,3
P01622,Ad_Reason,1,3
P04104,Ad_Emotion,0,3
P02858,Ad_Emotion,1,4
P01897,Ad_Reason,1,4
P03925,Control,0,1
P03015,Ad_Reason,0,4
P04439,Ad_Emotion,0,3
P00068,Ad_Emotion,1,4
P02043,Control,1,3
P02581,Ad_Reason,1,3
P03783,Ad_Reason,1,3
P03791,Ad_Emotion,1,3
P00821,Ad_Reason,1,4
P01227,Ad_Reason,1,4
P02992,Ad_Reason,0,4
P03133,Ad_Emotion,0,2
P02744,Ad_Reason,0,3
P04458,Ad_Emotion,1,4
P04270,Ad_Reason,1,3
P03350,Ad_Emotion,1,4
P01144,Ad_Emotion,1,5
P00398,Control,0,4
P02907,Control,1,3
P04302,Ad_Emotion,0,3
P02760,Control,0,1
P01399,Ad_Emotion,1,3
P01660,Ad_Emotion,0,3
P00980,Control,0,3
P01299,Ad_Emotion,1,3
P03556,Ad_Emotion,1,3
P00083,Ad_Emotion,1,2
P04508,Control,1,2
P02459,Ad_Emotion,1,4
P03740,Control,0,5
P03782,Ad_Emotion,0,4
P02289,Control,1,3
P00424,Ad_Reason,0,4
P04340,Ad_Reason,1,2
P01905,Ad_Emotion,1,4
P04539,Ad_Emotion,0,3
P03353,Control,1,4
P03103,Control,0,3
P01566,Control,0,3
P03356,Ad_Emotion,1,3
P00840,Ad_Reason,0,4
P00501,Ad_Emotion,1,5
P00142,Control,0,2
P01378,Ad_Reason,1,3
P03698,Ad_Reason,0,4
P02145,Ad_Emotion,0,4
P01139,Ad_Reason,1,3
P02928,Control,1,1
P01788,Ad_Emotion,0,5
P03485,Control,0,4
P00551,Ad_Reason,1,2
P04907,Ad_Emotion,1,3
P02020,Ad_Reason,0,5
P00949,Ad_Reason,1,5
P02601,Ad_Emotion,1,5
P00533,Control,1,3
P01830,Ad_Emotion,1,4
P02918,Ad_Reason,0,3
P04419,Control,1,4
P03872,Control,0,2
P01603,Ad_Reason,0,2
P00640,Control,1,4
P04833,Ad_Emotion,1,4
P00968,Control,1,4
P04238,Ad_Emotion,0,3
P02698,Control,0,3
P01684,Control,1,2
P04471,Ad_Reason,1,3
P02343,Control,0,2
P00156,Control,0,3
P02488,Ad_Emotion,0,2
P04642,Ad_Emotion,1,4
P01090,Control,0,4
P02656,Ad_Reason,1,2
P04241,Ad_Emotion,1,5
P00289,Ad_Emotion,1,5
P00931,Control,1,3
P02536,Ad_Emotion,0,3
P04029,Control,1,5
P03372,Ad_Reason,0,2
P04622,Ad_Emotion,1,4
P03292,Ad_Emotion,0,4
P00943,Ad_Emotion,1,5
P03860,Ad_Emotion,1,4
P04663,Ad_Emotion,1,3
P01699,Ad_Reason,0,2
P04709,Ad_Reason,1,3
P03201,Ad_Reason,1,2
P04602,Ad_Emotion,1,4
P04609,Control,1,2
P00986,Ad_Reason,1,2
P03319,Control,1,4
P02868,Control,1,3
P04057,Ad_Reason,1,2
P04778,Ad_Reason,0,3
P00982,Ad_Reason,1,3
P02493,Ad_Emotion,0,2
P03793,Ad_Reason,0,4
P03549,Ad_Reason,1,2
P02943,Ad_Emotion,0,5
P03528,Ad_Reason,1,4
P03846,Control,0,3
P01458,Ad_Emotion,0,3
P01396,Ad_Emotion,1,3
P00265,Ad_Emotion,1,4
P04096,Ad_Emotion,1,4
P00930,Ad_Emotion,0,3
P04872,Ad_Emotion,1,4
P02693,Ad_Reason,1,3
P00247,Control,1,3
P03590,Control,1,1
P01759,Control,0,4
P04866,Control,0,3
P02811,Control,0,2
P00924,Ad_Emotion,1,5
P02881,Ad_Emotion,1,4
P00269,Ad_Emotion,0,3
P00670,Control,1,4
P04476,Control,1,3
P01911,Ad_Emotion,1,4
P02986,Control,1,3
P01153,Ad_Reason,1,4
P04818,Ad_Reason,0,3
P03456,Ad_Reason,0,4
P04242,Control,0,1
P04550,Ad_Emotion,0,3
P02173,Control,0,5
P04516,Ad_Emotion,0,3
P01916,Ad_Emotion,1,3
P00613,Ad_Reason,1,3
P02407,Control,1,2
P04206,Ad_Emotion,1,1
P01899,Ad_Reason,0,3
P01650,Control,0,3
P02608,Control,1,3
P00259,Control,1,3
P00848,Ad_Reason,1,3
P04252,Control,0,4
P01234,Ad_Emotion,1,3
P01128,Control,0,2
P01968,Control,0,3
P00559,Control,1,4
P03906,Ad_Reason,0,5
P00485,Ad_Reason,0,3
P01321,Control,1,3
P03405,Ad_Emotion,0,4
P00008,Ad_Emotion,1,3
P03280,Control,0,3
P03190,Ad_Reason,0,2
P01451,Ad_Reason,0,2
P03981,Ad_Reason,1,4
P01815,Ad_Reason,1,3
P00774,Control,0,3
P01012,Ad_Emotion,1,4
P02819,Control,1,2
P03276,Control,1,3
P01992,Ad_Emotion,1,2
P01278,Control,1,4
P01784,Ad_Emotion,1,2
P03106,Control,0,3
P00447,Ad_Emotion,1,3
P00881,Control,1,4
P04460,Ad_Reason,0,3
P00782,Ad_Reason,1,3
P01750,Ad_Emotion,0,4
P03389,Ad_Reason,1,3
P04882,Ad_Reason,0,4
P00884,Ad_Reason,0,2
P02945,Ad_Emotion,0,2
P01092,Ad_Emotion,1,4
P04784,Control,1,3
P00532,Ad_Emotion,0,4
P04023,Ad_Emotion,1,4
P04422,Ad_Emotion,0,4
P04099,Control,0,1
P01728,Control,1,5
P00611,Control,0,3
P00571,Control,1,4
P02672,Ad_Reason,1,2
P03719,Ad_Emotion,1,4
P00344,Ad_Reason,1,2
P03001,Ad_Emotion,1,4
P03140,Ad_Reason,1,3
P00435,Ad_Emotion,1,4
P01904,Ad_Reason,0,4
P03805,Ad_Reason,1,2
P04777,Ad_Reason,1,3
P02070,Ad_Emotion,0,4
P01538,Control,0,5
P02253,Ad_Reason,0,3
P02347,Ad_Emotion,0,4
P01518,Ad_Emotion,1,3
P00966,Ad_Emotion,1,5
P04407,Ad_Reason,0,2
P00529,Ad_Emotion,1,4
P00177,Control,0,1
P03483,Ad_Emotion,1,1
P02544,Ad_Emotion,0,4
P04936,Ad_Emotion,1,4
P00573,Control,1,3
P02300,Ad_Reason,0,3
P03509,Ad_Reason,0,5
P02460,Ad_Emotion,1,3
P03610,Control,0,4
P04555,Ad_Reason,0,3
P02209,Ad_Emotion,1,4
P04721,Ad_Emotion,1,3
P02756,Ad_Reason,1,3
P00384,Ad_Emotion,0,5
P00853,Ad_Emotion,1,5
P01881,Ad_Emotion,0,4
P00371,Ad_Emotion,0,1
P02379,Ad_Reason,1,3
P04324,Control,1,5
P01106,Control,0,3
P03414,Control,0,4
P03947,Control,0,4
P01337,Ad_Emotion,0,4
P02190,Ad_Reason,0,2
P04595,Control,1,1
P02320,Ad_Emotion,1,4
P04706,Control,1,2
P03711,Ad_Emotion,1,4
P04849,Ad_Emotion,1,2
P01172,Control,1,3
P04326,Ad_Emotion,1,4
P02695,Ad_Reason,1,4
P01423,Ad_Reason,1,2
P02342,Ad_Reason,1,4
P02652,Ad_Reason,1,3
P04156,Control,1,1
P01465,Ad_Reason,0,3
P00875,Control,1,3
P03340,Ad_Emotion,0,4
P04341,Ad_Emotion,1,5
P01252,Ad_Reason,0,3
P02349,Ad_Emotion,1,3
P00841,Ad_Emotion,1,2
P04569,Ad_Emotion,1,4
P00582,Control,0,3
P00205,Ad_Emotion,1,3
P01642,Control,0,1
P02015,Control,0,4
P00906,Ad_Reason,0,2
P00632,Ad_Emotion,1,3
P03365,Ad_Reason,1,4
P01975,Control,0,2
P00163,Ad_Emotion,1,2
P03173,Ad_Emotion,1,1
P03613,Ad_Reason,1,4
P04676,Ad_Reason,1,3
P00618,Control,0,5
P04069,Control,0,2
P01432,Ad_Reason,1,2
P00548,Ad_Emotion,1,3
P03335,Control,0,3
P04547,Ad_Emotion,1,3
P04224,Ad_Emotion,0,4
P02388,Ad_Reason,1,2
P04244,Ad_Reason,1,2
P03996,Ad_Reason,1,2
P04066,Ad_Reason,0,1
P01862,Ad_Reason,1,3
P00641,Ad_Reason,1,3
P03903,Control,1,2
P00638,Ad_Reason,1,5
P04263,Control,0,4
P03911,Ad_Reason,1,3
P02987,Ad_Emotion,0,2
P02097,Control,0,2
P04612,Ad_Emotion,0,3
P03076,Ad_Emotion,0,3
P03675,Control,0,2
P02842,Ad_Emotion,1,3
P00922,Ad_Emotion,1,3
P00547,Ad_Reason,1,3
P03667,Ad_Emotion,1,4
P01901,Ad_Emotion,0,4
P02029,Ad_Reason,0,2
P02302,Control,1,4
P01886,Ad_Reason,1,2
P01643,Ad_Emotion,0,2
P03510,Ad_Emotion,0,4
P04810,Ad_Reason,0,2
P02098,Ad_Emotion,1,4
P04358,Ad_Emotion,1,1
P03789,Control,0,4
P04495,Control,0,4
P04968,Control,0,1
P00837,Control,1,2
P00602,Control,1,5
P02185,Control,0,2
P03866,Control,0,2
P02482,Ad_Emotion,1,1
P04308,Ad_Reason,1,3
P01583,Control,0,3
P04267,Ad_Reason,1,4
P02534,Ad_Emotion,0,2
P02726,Ad_Reason,1,2
P01071,Ad_Emotion,1,4
P01776,Control,0,4
P04809,Control,1,1
P01284,Ad_Reason,0,4
P03051,Ad_Reason,0,3
P04754,Ad_Emotion,1,5
P01837,Control,1,3
P04243,Ad_Reason,1,1
P01020,Control,1,3
P04134,Ad_Emotion,0,5
P01327,Ad_Reason,0,2
P00476,Ad_Reason,0,3
P04272,Ad_Emotion,0,3
P01652,Ad_Reason,1,1
P03999,Control,1,5
P04468,Ad_Emotion,1,3
P02611,Control,1,4
P02477,Ad_Emotion,1,4
P02584,Ad_Emotion,1,5
P01374,Ad_Reason,1,4
P00740,Ad_Emotion,1,3
P03619,Control,0,2
P02441,Ad_Emotion,1,4
P00868,Control,0,1
P01141,Control,0,4
P00998,Control,1,2
P01338,Control,0,4
P00542,Ad_Emotion,0,4
P01100,Control,1,4
P01133,Control,1,3
P04065,Control,1,1
P02716,Ad_Emotion,1,3
P02259,Control,1,4
P04751,Control,0,3
P00060,Control,0,4
P02884,Ad_Reason,0,4
P01939,Ad_Reason,1,2
P02577,Control,1,2
P04937,Ad_Reason,0,3
P01079,Ad_Emotion,0,1
P03250,Ad_Reason,0,5
P03128,Ad_Emotion,1,4
P02489,Ad_Reason,1,5
P00941,Ad_Emotion,1,2
P01081,Control,0,4
P00188,Control,1,5
P02635,Ad_Emotion,0,2
P02086,Ad_Reason,0,4
P02250,Ad_Reason,1,3
P04891,Control,0,1
P02024,Control,0,3
P03540,Ad_Reason,1,4
P04049,Control,1,2
P03607,Ad_Emotion,1,5
P00227,Ad_Emotion,1,2
P04848,Control,0,2
P01930,Control,1,3
P03056,Ad_Emotion,1,4
P04490,Control,0,2
P01405,Ad_Reason,1,4
P02180,Ad_Emotion,1,4
P00698,Ad_Reason,1,4
P01125,Control,1,3
P03362,Control,1,4
P04136,Ad_Emotion,1,3
P01779,Ad_Reason,1,5
P02859,Ad_Emotion,0,3
P01038,Ad_Emotion,1,5
P04457,Control,1,3
P02257,Ad_Emotion,1,2
P00314,Ad_Emotion,1,5
P02282,Ad_Emotion,1,4
P01417,Ad_Emotion,1,4
P01037,Ad_Reason,0,5
P02160,Control,0,3
P04164,Ad_Reason,1,3
P01755,Ad_Emotion,1,5
P03113,Ad_Emotion,1,4
P02814,Control,0,4
P02699,Ad_Reason,1,1
P03208,Ad_Reason,0,4
P04351,Control,0,2
P03432,Ad_Emotion,1,5
P01507,Ad_Reason,0,4
P01924,Ad_Emotion,1,4
P00449,Control,1,3
P04129,Ad_Reason,1,2
P02529,Control,1,5
P04970,Ad_Emotion,1,5
P02790,Ad_Reason,0,4
P00362,Control,1,5
P02184,Ad_Emotion,1,3
P01135,Ad_Emotion,0,3
P03881,Ad_Emotion,1,4
P02156,Ad_Reason,1,4
P01831,Ad_Reason,1,3
P01054,Ad_Reason,1,4
P00023,Ad_Emotion,1,4
P02067,Control,1,2
P01654,Ad_Reason,1,4
P02588,Control,1,4
P03211,Control,1,3
P04303,Control,0,4
P04037,Ad_Emotion,1,2
P02326,Ad_Reason,1,4
P00461,Ad_Reason,1,2
P01068,Ad_Reason,1,2
P00088,Ad_Reason,1,3
P01431,Ad_Reason,1,2
P02648,Ad_Reason,0,3
P00283,Control,1,3
P00463,Ad_Reason,1,4
P00213,Control,1,3
P02500,Ad_Emotion,1,2
P01369,Ad_Reason,1,4
P00235,Ad_Reason,0,2
P02771,Ad_Reason,1,3
P00598,Ad_Reason,1,4
P04421,Control,1,3
P02251,Ad_Reason,0,4
P04032,Ad_Reason,0,4
P02284,Ad_Emotion,1,3
P00663,Ad_Reason,0,5
P04964,Control,0,3
P02286,Control,0,3
P04717,Ad_Reason,1,4
P03194,Ad_Reason,1,4
P02504,Control,1,3
P04044,Ad_Emotion,1,5
P00780,Ad_Reason,0,3
P04020,Ad_Reason,0,3
P03427,Ad_Reason,0,3
P04307,Ad_Reason,1,4
P03197,Ad_Emotion,0,2
P04836,Ad_Emotion,1,2
P00686,Ad_Reason,0,3
P03170,Control,0,1
P03927,Ad_Emotion,0,3
P03435,Ad_Emotion,1,4
P02172,Ad_Reason,0,2
P03690,Ad_Reason,0,2
P01851,Ad_Reason,1,3
P00488,Ad_Reason,1,4
P01689,Control,1,1
P02231,Ad_Reason,1,4
P03265,Ad_Reason,0,4
P02321,Control,1,4
P00783,Ad_Emotion,1,5
P00522,Ad_Reason,1,5
P00523,Ad_Emotion,1,3
P02838,Ad_Reason,0,3
P04540,Ad_Reason,1,3
P02399,Ad_Emotion,1,4
P02208,Ad_Emotion,1,5
P03478,Ad_Reason,1,2
P03553,Ad_Reason,0,2
P04088,Ad_Emotion,0,5
P02823,Control,0,4
P01512,Control,1,3
P01883,Control,1,4
P00652,Ad_Reason,1,4
P04931,Control,1,5
P03090,Ad_Emotion,1,4
P00370,Control,0,4
P04998,Control,1,5
P00119,Control,0,4
P03321,Ad_Emotion,0,4
P03035,Ad_Emotion,0,4
P02217,Ad_Reason,1,3
P03543,Ad_Reason,0,5
P01614,Ad_Reason,1,3
P03152,Control,1,3
P00963,Control,1,2
P02511,Ad_Reason,0,4
P03832,Ad_Emotion,1,4
P02824,Control,0,3
P04344,Ad_Reason,0,4
P03033,Ad_Reason,0,2
P02416,Ad_Emotion,0,4
P04655,Ad_Reason,1,4
P04237,Ad_Reason,1,5
P02186,Ad_Emotion,1,3
P03670,Ad_Emotion,0,2
P02038,Ad_Reason,1,2
P04363,Control,0,2
P00773,Ad_Reason,0,5
P01285,Ad_Reason,1,5
P04604,Control,1,3
P04795,Ad_Reason,0,5
P01415,Ad_Reason,0,3
P01235,Control,0,3
P02700,Ad_Reason,1,3
P00436,Ad_Emotion,0,3
P01675,Ad_Reason,0,2
P00366,Ad_Emotion,0,4
P02650,Ad_Reason,1,3
P00232,Ad_Reason,0,4
P04268,Ad_Emotion,0,4
P04042,Control,1,3
P04400,Ad_Emotion,0,3
P00408,Ad_Emotion,0,4
P02091,Control,1,4
P00087,Control,0,2
P00845,Control,0,3
P01032,Control,0,3
P02856,Ad_Emotion,1,3
P04110,Control,0,2
P04397,Ad_Reason,1,4
P03894,Ad_Emotion,1,2
P02659,Ad_Reason,1,4
P00856,Ad_Emotion,0,3
P00079,Control,1,4
P02248,Ad_Reason,1,5
P04571,Control,1,2
P03657,Ad_Emotion,1,4
P04152,Ad_Emotion,1,3
P03379,Control,0,4
P02280,Control,1,2
P02599,Ad_Reason,0,4
P04160,Ad_Emotion,0,3
P03871,Ad_Reason,1,3
P03429,Ad_Reason,1,2
P02177,Control,0,4
P00425,Ad_Reason,1,2
P00393,Ad_Reason,1,4
P04727,Control,0,3
P03694,Control,1,3
P00105,Control,1,3
P03995,Ad_Emotion,1,3
P04413,Ad_Reason,0,4
P01949,Ad_Emotion,1,5
P01460,Control,0,2
P03258,Control,0,4
P02804,Ad_Reason,0,5
P02707,Ad_Reason,0,2
P04790,Ad_Reason,0,2
P01588,Control,0,3
P03660,Control,1,2
P01732,Control,0,5
P04765,Ad_Emotion,0,4
P04225,Ad_Emotion,1,3
P03682,Ad_Emotion,1,2
P01792,Control,1,4
P02356,Ad_Emotion,1,3
P01941,Ad_Reason,1,3
P00703,Ad_Reason,0,4
P02443,Ad_Emotion,1,3
P04376,Ad_Emotion,0,4
P00497,Ad_Emotion,0,4
P00465,Control,1,4
P04072,Control,1,4
P04334,Ad_Reason,1,3
P00173,Control,0,3
P04944,Ad_Emotion,0,3
P04797,Ad_Reason,1,2
P02541,Ad_Emotion,1,4
P03263,Control,0,5
P04681,Ad_Emotion,1,3
P02261,Ad_Emotion,1,3
P02113,Ad_Reason,1,2
P00901,Control,1,4
P01447,Ad_Reason,1,4
P03574,Control,0,3
P00742,Ad_Emotion,1,3
P02294,Control,0,3
P02453,Ad_Reason,1,2
P02623,Control,1,3
P04079,Control,0,4
P01207,Ad_Emotion,0,2
P00510,Ad_Reason,1,2
P02621,Ad_Emotion,1,5
P02803,Ad_Emotion,0,3
P03314,Control,0,4
P01550,Control,0,3
P04564,Ad_Reason,1,3
P02203,Ad_Reason,1,4
P02567,Control,1,2
P03893,Ad_Emotion,1,4
P02045,Ad_Emotion,0,3
P00768,Ad_Reason,0,2
P04873,Control,0,3
P03739,Ad_Reason,0,3
P00422,Ad_Reason,1,3
P00124,Control,1,2
P04163,Control,0,5
P02629,Control,1,4
P00820,Control,0,4
P01404,Control,0,3
P01383,Control,1,1
P02149,Control,1,5
P01576,Ad_Reason,1,3
P01639,Control,0,2
P01796,Ad_Emotion,0,4
P04816,Ad_Emotion,1,5
P00400,Control,1,3
P02311,Control,1,4
P00883,Ad_Reason,0,4
P04974,Ad_Emotion,0,3
P02898,Control,0,2
P01353,Ad_Reason,1,4
P02743,Ad_Reason,0,1
P04551,Ad_Reason,0,3
P02131,Ad_Reason,1,2
P00983,Ad_Emotion,1,3
P00457,Ad_Emotion,0,3
P04120,Ad_Emotion,1,3
P01080,Ad_Reason,1,3
P01951,Ad_Emotion,1,3
P04315,Control,0,5
P00690,Ad_Reason,1,5
P02430,Control,0,2
P00642,Ad_Reason,1,5
P02393,Ad_Emotion,0,3
P01954,Ad_Emotion,1,4
P02749,Control,1,3
P04314,Ad_Reason,0,3
P03436,Control,0,4
P03337,Ad_Emotion,1,4
P04767,Control,0,3
P03371,Ad_Emotion,0,2
P01885,Ad_Reason,1,2
P00390,Ad_Reason,0,2
P02495,Ad_Reason,0,3
P03879,Ad_Emotion,1,2
P03857,Ad_Reason,1,3
P00846,Ad_Emotion,1,5
P00543,Control,1,4
P00092,Ad_Reason,1,3
P03890,Ad_Emotion,1,4
P01980,Ad_Emotion,1,5
P02813,Control,1,4
P04083,Ad_Emotion,1,3
P02903,Ad_Emotion,0,2
P02530,Ad_Reason,1,4
P01677,Control,0,4
P01049,Control,0,2
P01961,Ad_Reason,1,4
P02531,Control,1,3
P03993,Ad_Reason,1,3
P00238,Ad_Emotion,0,1
P03098,Ad_Emotion,1,3
P03489,Ad_Emotion,1,5
P01134,Ad_Reason,1,3
P01806,Ad_Emotion,1,4
P04318,Control,0,2
P00164,Ad_Emotion,1,4
P03493,Ad_Reason,1,3
P04710,Ad_Reason,1,2
P04631,Control,1,4
P03454,Control,1,4
P03200,Control,0,2
P03635,Ad_Reason,1,4
P03940,Ad_Reason,0,4
P01812,Ad_Reason,1,4
P03650,Ad_Reason,0,2
P04050,Control,0,4
P01429,Ad_Emotion,0,3
P03614,Ad_Emotion,0,3
P03132,Control,1,5
P03397,Ad_Emotion,0,4
P04461,Ad_Emotion,1,3
P04650,Ad_Reason,1,1
P02821,Ad_Reason,0,5
P01453,Control,1,2
P00594,Control,0,2
P00042,Control,0,3
P00561,Control,0,4
P03274,Control,0,4
P03245,Ad_Emotion,0,3
P00244,Ad_Emotion,1,4
P01340,Ad_Emotion,1,3
P02781,Ad_Emotion,1,4
P03188,Control,0,3
P03800,Ad_Reason,1,4
P01443,Ad_Emotion,1,5
P00262,Ad_Emotion,0,4
P02765,Control,1,3
P01690,Ad_Reason,1,4
P01726,Ad_Emotion,0,4
P04793,Control,1,2
P00835,Control,1,3
P01867,Ad_Reason,1,3
P02497,Ad_Reason,1,4
P02011,Control,0,3
P00341,Ad_Reason,1,2
P02989,Ad_Reason,1,3
P01602,Ad_Reason,1,3
P03876,Ad_Emotion,1,4
P04695,Control,1,4
P00481,Ad_Reason,1,4
P02826,Control,0,2
P04330,Ad_Emotion,0,3
P03541,Control,1,2
P04639,Ad_Emotion,0,4
P03047,Ad_Reason,0,5
P03991,Ad_Reason,1,3
P01767,Ad_Emotion,0,3
P04474,Ad_Reason,1,5
P02454,Ad_Reason,1,4
P02878,Ad_Emotion,1,4
P03816,Ad_Emotion,1,2
P04017,Ad_Emotion,1,4
P04678,Ad_Emotion,1,3
P03680,Ad_Reason,0,2
P01272,Control,1,3
P03078,Ad_Emotion,1,3
P04502,Ad_Reason,0,3
P03095,Control,1,2
P04654,Control,0,4
P00348,Ad_Emotion,0,5
P03882,Ad_Reason,1,1
P04624,Ad_Reason,1,4
P02563,Ad_Reason,0,2
P04591,Ad_Emotion,1,4
P01424,Control,0,3
P00657,Ad_Emotion,0,4
P02103,Ad_Reason,0,3
P00633,Control,0,4
P02893,Ad_Reason,1,2
P02494,Control,0,4
P02666,Control,1,4
P04016,Ad_Reason,1,4
P03663,Ad_Emotion,1,5
P03308,Ad_Emotion,0,3
P03097,Control,1,4
P03920,Ad_Reason,1,3
P02501,Control,1,4
P01466,Ad_Emotion,0,4
P02834,Control,0,3
P00116,Ad_Emotion,1,5
P01822,Control,1,3
P01495,Control,0,2
P02402,Ad_Emotion,1,3
P01233,Ad_Reason,1,4
P02662,Ad_Emotion,1,5
P04101,Control,0,3
P04574,Ad_Emotion,1,5
P01154,Control,0,2
P03849,Ad_Emotion,1,3
P00058,Ad_Reason,0,3
P04105,Ad_Reason,0,3
P04289,Ad_Reason,0,3
P04946,Ad_Emotion,0,4
P01736,Ad_Emotion,1,3
P02197,Ad_Reason,0,3
P03554,Ad_Emotion,1,4
P02476,Ad_Emotion,0,3
P02565,Ad_Reason,0,3
P03159,Ad_Emotion,0,3
P04035,Control,1,3
P03656,Ad_Reason,1,3
P00708,Control,0,3
P04281,Ad_Emotion,1,3
P01094,Ad_Emotion,1,5
P04840,Ad_Emotion,1,2
P01377,Ad_Emotion,1,3
P04914,Control,1,5
P00073,Ad_Emotion,1,3
P01923,Control,1,2
P03174,Control,1,4
P01765,Control,1,1
P00744,Ad_Reason,0,3
P04319,Ad_Reason,1,5
P01006,Control,1,1
P02669,Ad_Reason,0,1
P01191,Ad_Reason,1,2
P04632,Ad_Reason,1,4
P02602,Control,1,4
P01126,Ad_Emotion,1,3
P01242,Control,1,4
P04607,Ad_Reason,0,5
P04131,Ad_Reason,1,5
P03443,Ad_Emotion,1,3
P00999,Control,1,1
P03387,Ad_Emotion,1,3
P02685,Ad_Emotion,1,3
P01578,Ad_Reason,1,3
P04791,Ad_Emotion,1,3
P01827,Ad_Emotion,0,5
P03293,Control,0,4
P04990,Control,1,3
P03537,Control,0,4
P00441,Ad_Emotion,1,4
P04952,Ad_Reason,0,3
P01101,Ad_Emotion,0,5
P04011,Ad_Emotion,1,4
P03059,Ad_Emotion,1,5
P00650,Control,0,2
P01547,Control,0,2
P04757,Ad_Emotion,1,3
P03561,Ad_Reason,1,4
P03887,Ad_Reason,1,5
P03742,Ad_Emotion,1,4
P00631,Ad_Reason,0,2
P00673,Ad_Reason,0,4
P01250,Control,0,4
P00483,Ad_Emotion,0,2
P01585,Ad_Emotion,1,4
P03075,Ad_Reason,1,2
P04628,Control,1,2
P03039,Ad_Emotion,0,3
P01463,Ad_Emotion,0,4
P03930,Ad_Reason,1,3
P03622,Ad_Emotion,1,2
P02579,Control,1,4
P03802,Control,0,2
P00050,Ad_Emotion,1,4
P04290,Control,0,2
P03345,Ad_Reason,0,3
P00859,Ad_Emotion,1,4
P01073,Control,0,4
P00720,Control,1,4
P03718,Ad_Emotion,1,4
P02632,Control,1,3
P04874,Ad_Emotion,1,3
P01661,Ad_Reason,1,3
P01657,Control,0,3
P02426,Ad_Reason,1,3
P03525,Control,1,1
P04230,Control,0,3
P04975,Control,1,3
P03310,Ad_Reason,0,3
P04477,Ad_Emotion,1,2
P03306,Control,1,4
P04752,Ad_Emotion,1,4
P04127,Ad_Emotion,0,3
P02607,Ad_Reason,1,2
P01386,Control,0,2
P03836,Ad_Emotion,0,5
P01400,Ad_Emotion,0,4
P01196,Ad_Emotion,0,3
P01409,Ad_Reason,1,4
P03825,Ad_Reason,0,2
P01799,Ad_Reason,1,5
P01476,Ad_Emotion,1,5
P04966,Ad_Reason,1,3
P00036,Ad_Emotion,1,3
P03542,Ad_Emotion,1,1
P02346,Ad_Reason,1,2
P04679,Control,1,2
P02360,Ad_Reason,1,3
P02207,Ad_Emotion,1,3
P03768,Ad_Reason,1,2
P01287,Control,1,3
P00350,Control,1,4
P02138,Ad_Reason,1,4
P02692,Ad_Emotion,0,2
P04561,Ad_Reason,0,3
P03968,Control,0,2
P01682,Ad_Emotion,0,5
P04835,Ad_Emotion,0,4
P01444,Control,1,2
P03244,Ad_Emotion,1,3
P01672,Ad_Reason,0,3
P03837,Ad_Emotion,1,1
P01180,Ad_Emotion,1,4
P02799,Ad_Emotion,1,3
P01693,Ad_Reason,1,4
P03957,Ad_Reason,1,2
P00373,Control,1,2
P03611,Control,0,1
P01917,Control,0,2
P01358,Ad_Reason,1,2
P01826,Control,0,4
P00787,Ad_Reason,0,3
P00470,Control,0,3
P00141,Control,0,3
P00789,Ad_Reason,1,2
P00324,Control,0,3
P00051,Ad_Emotion,1,4
P00715,Ad_Emotion,0,2
P04890,Ad_Reason,0,4
P02841,Control,0,2
P02447,Ad_Emotion,1,3
P04814,Ad_Reason,0,4
P04420,Control,1,2
P04597,Control,0,3
P03016,Control,0,3
P02667,Ad_Reason,1,3
P00407,Ad_Reason,0,1
P03725,Control,1,1
P01005,Ad_Reason,1,4
P03788,Control,0,4
P00891,Ad_Reason,0,2
P02412,Ad_Emotion,0,3
P02546,Control,1,3
P04834,Ad_Emotion,0,4
P02391,Ad_Reason,1,1
P03941,Ad_Reason,0,2
P00043,Control,1,3
P02831,Control,0,4
P03966,Ad_Reason,1,5
P00304,Ad_Reason,0,3
P04514,Ad_Emotion,1,2
P03748,Control,1,3
P00665,Ad_Emotion,1,5
P01178,Control,1,3
P02677,Ad_Reason,1,2
P01948,Ad_Emotion,1,5
P02502,Ad_Emotion,1,4
P01474,Ad_Reason,1,2
P03484,Ad_Reason,0,4
P03521,Ad_Reason,0,4
P02133,Ad_Reason,1,4
P01027,Ad_Emotion,1,4
P00962,Ad_Emotion,1,3
P02890,Ad_Emotion,1,5
P03135,Control,1,2
P02010,Ad_Emotion,0,4
P02150,Control,1,2
P03324,Ad_Reason,0,4
P02339,Ad_Emotion,1,3
P03889,Control,1,4
P00305,Ad_Reason,0,4
P01441,Ad_Emotion,0,2
P01497,Ad_Emotion,0,5
P02653,Ad_Reason,1,5
P02876,Control,1,4
P00917,Control,0,2
P04183,Control,0,3
P03722,Control,0,3
P02773,Ad_Emotion,0,3
P01625,Ad_Reason,0,5
P03838,Ad_Emotion,0,4
P00822,Ad_Reason,0,1
P03965,Ad_Reason,1,4
P01355,Ad_Reason,0,3
P04498,Control,0,3
P00851,Ad_Emotion,1,3
P01001,Control,0,4
P03378,Control,1,4
P00019,Ad_Emotion,0,4
P01638,Ad_Emotion,1,3
P01668,Ad_Emotion,1,4
P00494,Control,1,3
P01348,Control,0,2
P03728,Ad_Emotion,0,4
P04826,Ad_Reason,0,4
P03615,Control,0,5
P03482,Control,0,4
P00688,Ad_Reason,0,3
P03732,Control,1,4
P01609,Control,1,2
P04085,Ad_Reason,0,4
P03403,Control,0,2
P01010,Control,1,2
P02409,Ad_Emotion,0,4
P01093,Ad_Emotion,0,1
P01328,Control,0,1
P01678,Ad_Emotion,0,3
P02000,Control,1,3
P01311,Ad_Emotion,1,3
P03259,Ad_Emotion,1,2
P01988,Ad_Emotion,0,3
P03649,Ad_Emotion,1,4
P00345,Ad_Reason,1,4
P04483,Control,0,3
P00987,Ad_Reason,0,4
P04545,Ad_Reason,0,4
P03808,Ad_Reason,0,3
P04524,Ad_Reason,1,3
P04003,Ad_Emotion,1,2
P03092,Ad_Reason,1,3
P03962,Control,1,4
P01143,Ad_Emotion,0,4
P02359,Control,0,4
P01199,Control,1,3
P00086,Ad_Emotion,1,5
P01519,Ad_Emotion,1,3
P00517,Control,0,4
P01382,Ad_Emotion,1,4
P02717,Control,0,4
P03085,Ad_Emotion,1,5
P01015,Ad_Emotion,1,3
P00129,Control,1,3
P01365,Control,0,4
P03624,Control,0,3
P04971,Ad_Emotion,0,2
P00892,Ad_Reason,1,5
P02794,Ad_Emotion,1,3
P04239,Control,1,3
P01360,Ad_Reason,1,4
P00308,Control,0,2
P01662,Ad_Reason,1,2
P02432,Ad_Emotion,0,4
P03935,Ad_Reason,0,2
P01318,Ad_Reason,0,3
P04304,Ad_Emotion,1,4
P02475,Ad_Reason,1,3
P02543,Ad_Reason,1,2
P01247,Control,1,5
P01209,Ad_Reason,1,3
P00217,Ad_Emotion,1,5
P04293,Control,0,3
P03063,Control,0,2
P01240,Control,1,3
P02290,Control,0,3
P02741,Ad_Emotion,1,2
P00276,Ad_Reason,1,5
P00490,Ad_Reason,0,3
P01036,Ad_Emotion,1,2
P01230,Ad_Reason,1,5
P04586,Ad_Emotion,0,3
P01009,Control,1,2
P04690,Ad_Emotion,1,2
P04027,Control,0,5
P03183,Ad_Emotion,1,2
P02533,Control,0,3
P04170,Control,0,4
P01059,Ad_Reason,1,4
P02167,Ad_Emotion,1,4
P04579,Control,0,1
P00282,Control,1,2
P03566,Control,1,3
P01317,Ad_Reason,0,3
P04979,Control,0,3
P00969,Ad_Emotion,1,4
P03127,Control,1,4
P03921,Ad_Reason,1,2
P03167,Ad_Emotion,1,5
P03520,Ad_Reason,0,4
P00620,Control,1,3
P03347,Control,1,4
P01743,Control,0,5
P01391,Ad_Reason,1,2
P04051,Ad_Emotion,0,3
P01848,Control,0,1
P01580,Ad_Emotion,0,4
P01656,Ad_Emotion,0,4
P02353,Ad_Emotion,1,4
P02213,Ad_Reason,1,3
P02021,Ad_Reason,1,1
P04973,Control,1,3
P01957,Ad_Emotion,0,5
P01308,Ad_Emotion,0,3
P02004,Control,0,3
P04456,Control,0,1
P00576,Ad_Reason,0,4
P04090,Ad_Reason,0,3
P04320,Ad_Reason,0,3
P04437,Ad_Reason,1,3
P01707,Ad_Reason,0,3
P03743,Control,1,3
P03471,Ad_Reason,0,2
P01281,Ad_Emotion,1,3
P00862,Control,0,3
P04146,Ad_Emotion,1,3
P01802,Ad_Emotion,1,5
P01629,Control,0,2
P01994,Ad_Reason,0,3
P02640,Ad_Emotion,1,3
P00270,Ad_Reason,0,5
P00630,Ad_Emotion,1,4
P03082,Ad_Emotion,0,3
P02335,Control,1,4
P02967,Control,0,3
P00301,Control,0,3
P00460,Ad_Reason,1,3
P01448,Control,0,2
P01473,Control,1,3
P02047,Ad_Emotion,0,3
P04229,Ad_Reason,1,5
P03765,Ad_Reason,1,2
P02114,Control,0,5
P00028,Control,1,3
P03840,Ad_Emotion,1,4
P04523,Ad_Emotion,1,4
P00838,Control,1,2
P03827,Ad_Reason,0,4
P02009,Ad_Emotion,1,1
P04908,Ad_Reason,0,3
P00504,Ad_Emotion,1,3
P03207,Control,0,2
P04305,Control,1,3
P00381,Ad_Emotion,0,4
P01852,Ad_Reason,1,4
P01526,Ad_Reason,1,4
P02366,Ad_Emotion,1,3
P04148,Ad_Emotion,1,4
P03053,Ad_Reason,1,3
P02885,Ad_Emotion,1,5
P02341,Control,0,4
P00375,Ad_Emotion,0,4
P03261,Control,1,2
P02382,Ad_Reason,0,3
P04310,Control,0,2
P00940,Ad_Reason,0,3
P04199,Ad_Emotion,0,4
P04166,Control,1,4
P02800,Ad_Emotion,0,4
P02148,Ad_Emotion,0,4
P03818,Control,1,3
P04541,Ad_Reason,1,3
P04217,Ad_Reason,0,2
P02069,Ad_Reason,0,2
P00530,Ad_Reason,0,3
P04605,Control,1,3
P00637,Ad_Reason,1,3
P01270,Ad_Reason,1,3
P00186,Ad_Reason,0,4
P04350,Ad_Emotion,1,4
P03180,Ad_Reason,1,2
P03455,Control,0,4
P01798,Control,0,4
P02980,Ad_Emotion,0,2
P01442,Ad_Emotion,1,3
P03428,Ad_Emotion,0,5
P04875,Ad_Reason,1,3
P01536,Ad_Emotion,1,1
P03444,Ad_Emotion,1,2
P01274,Ad_Reason,0,3
P02468,Control,0,2
P00608,Ad_Emotion,1,3
P03514,Ad_Reason,0,3
P01713,Ad_Emotion,0,5
P02200,Control,0,3
P00956,Ad_Emotion,0,5
P02580,Control,0,4
P03898,Control,0,4
P04426,Ad_Emotion,1,4
P03381,Control,0,1
P03686,Ad_Reason,1,4
P00404,Control,0,4
P02072,Ad_Reason,1,3
P04756,Ad_Reason,0,5
P01978,Control,0,4
P00159,Ad_Reason,0,4
P01749,Control,0,4
P02910,Control,1,3
P03535,Ad_Emotion,1,1
P00903,Ad_Emotion,1,3
P00353,Control,0,4
P01231,Control,0,2
P04671,Control,0,3
P02141,Ad_Reason,0,2
P00445,Ad_Emotion,0,5
P04949,Ad_Emotion,0,5
P00755,Ad_Emotion,0,3
P01738,Ad_Reason,1,3
P02972,Ad_Emotion,1,3
P04980,Control,0,4
P02921,Ad_Reason,1,4
P00312,Control,1,4
P00549,Ad_Reason,1,4
P04053,Ad_Emotion,1,5
P04762,Ad_Reason,1,2
P01990,Control,1,1
P00307,Ad_Reason,0,3
P02336,Ad_Emotion,1,2
P00695,Ad_Reason,0,2
P02357,Ad_Reason,0,2
P01928,Ad_Reason,1,2
P00685,Ad_Reason,1,2
P00750,Ad_Emotion,1,4
P04009,Ad_Reason,0,3
P01267,Ad_Emotion,0,3
P03286,Ad_Emotion,1,4
P03530,Control,0,2
P04424,Control,1,3
P03985,Ad_Reason,1,4
P03084,Ad_Reason,1,1
P03062,Ad_Emotion,0,1
P03026,Ad_Emotion,0,4
P00971,Control,1,3
P00014,Control,1,5
P00874,Control,1,3
P00809,Ad_Reason,1,4
P03199,Ad_Reason,0,3
P00515,Ad_Reason,1,4
P04473,Ad_Reason,0,5
P00410,Ad_Emotion,1,1
P03409,Ad_Reason,0,4
P04343,Ad_Reason,1,5
P00208,Control,0,3
P03692,Control,0,5
P00459,Ad_Emotion,1,3
P03472,Ad_Reason,0,3
P02431,Ad_Reason,0,3
P03658,Ad_Reason,1,1
P00111,Control,0,2
P04590,Ad_Emotion,1,3
P04045,Control,0,4
P01884,Control,0,4
P01714,Control,1,3
P03959,Ad_Reason,1,4
P03400,Control,0,3
P00553,Ad_Reason,1,5
P01440,Ad_Emotion,1,4
P02271,Ad_Reason,1,3
P03145,Control,1,3
P02822,Ad_Reason,1,4
P04782,Ad_Reason,1,3
P01926,Ad_Reason,1,4
P00635,Ad_Emotion,1,2
P04806,Ad_Emotion,1,3
P00317,Ad_Emotion,0,4
P04218,Ad_Emotion,1,4
P04700,Ad_Emotion,1,3
P01329,Ad_Reason,1,4
P00428,Ad_Reason,1,3
P04375,Control,1,3
P00106,Control,1,4
P03042,Ad_Reason,0,5
P00143,Ad_Emotion,1,5
P02170,Ad_Emotion,1,3
P03459,Control,0,4
P00090,Ad_Reason,0,2
P02919,Control,1,2
P03238,Ad_Emotion,1,1
P02242,Ad_Reason,1,5
P03175,Ad_Reason,0,2
P03413,Control,0,3
P02164,Control,0,2
P02637,Ad_Reason,1,4
P01950,Control,1,3
P01769,Ad_Emotion,1,2
P04291,Ad_Emotion,1,4
P02273,Ad_Emotion,0,2
P00002,Ad_Reason,1,2
P03283,Control,1,1
P04958,Ad_Emotion,1,2
P01952,Ad_Emotion,1,4
P00936,Control,1,1
P04297,Control,0,2
P02721,Control,0,3
P04448,Ad_Reason,1,3
P01110,Ad_Reason,0,5
P03961,Control,1,5
P00592,Control,0,2
P01696,Ad_Reason,1,4
P03451,Ad_Reason,0,4
P02937,Ad_Reason,1,3
P04205,Control,1,2
P03412,Ad_Emotion,0,4
P01577,Ad_Emotion,0,3
P03955,Ad_Reason,1,3
P00214,Ad_Reason,1,4
P00779,Control,1,2
P01416,Ad_Reason,1,2
P03760,Control,0,3
P02044,Ad_Emotion,0,4
P02849,Control,1,2
P04538,Control,0,4
P03506,Ad_Emotion,1,2
P03814,Ad_Emotion,1,3
P01568,Control,1,3
P00166,Ad_Reason,0,3
P04715,Control,0,2
P04273,Control,0,5
P04927,Control,1,2
P01344,Control,0,5
P02014,Ad_Reason,1,4
P00274,Ad_Emotion,0,4
P00072,Ad_Emotion,1,4
P03888,Control,1,5
P01088,Ad_Reason,1,2
P00395,Ad_Reason,1,2
P00584,Ad_Reason,0,3
P01368,Ad_Reason,1,3
P04988,Ad_Emotion,0,2
P04089,Ad_Emotion,1,4
P02549,Ad_Emotion,1,5
P01014,Ad_Emotion,1,4
P04898,Ad_Reason,1,3
P03004,Control,0,2
P04789,Ad_Emotion,1,4
P04408,Ad_Reason,1,2
P03533,Ad_Reason,1,5
P01764,Ad_Emotion,0,5
P01876,Ad_Reason,0,4
P01260,Ad_Emotion,0,4
P04531,Ad_Reason,1,4
P02254,Ad_Reason,1,4
P02782,Ad_Emotion,1,3
P03593,Control,0,2
P00527,Control,0,2
P04264,Ad_Emotion,0,4
P02947,Control,1,4
P00378,Ad_Reason,1,2
P01560,Control,0,3
P03821,Control,1,2
P01964,Ad_Emotion,1,3
P04733,Ad_Reason,0,4
P00349,Ad_Reason,0,3
P02435,Ad_Emotion,0,3
P02247,Control,1,1
P04167,Ad_Reason,1,3
P01710,Control,1,3
P01051,Ad_Emotion,1,3
P00591,Control,1,3
P00520,Control,0,3
P04753,Ad_Emotion,1,3
P04309,Ad_Reason,0,2
P02478,Ad_Emotion,0,5
P01084,Ad_Emotion,0,3
P03589,Ad_Emotion,0,4
P04779,Ad_Reason,0,4
P04510,Ad_Emotion,1,5
P01295,Ad_Emotion,0,2
P01810,Ad_Emotion,1,4
P00792,Control,1,2
P00793,Ad_Reason,1,3
P04115,Control,0,2
P01856,Ad_Emotion,0,2
P04758,Ad_Emotion,1,4
P01981,Ad_Emotion,1,2
P03234,Ad_Emotion,1,5
P03909,Ad_Emotion,1,4
P04985,Ad_Reason,1,4
P03329,Ad_Reason,1,3
P01531,Control,1,3
P01411,Ad_Reason,1,4
P04295,Control,0,2
P04649,Control,0,3
P00084,Ad_Reason,0,2
P00869,Control,0,2
P02351,Control,1,1
P00021,Ad_Reason,0,5
P03425,Ad_Reason,0,3
P02796,Control,0,4
P04573,Ad_Emotion,0,5
P01563,Ad_Emotion,1,2
P03094,Ad_Emotion,0,3
P03156,Control,1,5
P00974,Ad_Emotion,1,5
P01711,Ad_Emotion,1,4
P03202,Ad_Reason,1,4
P04372,Ad_Reason,0,3
P04820,Ad_Reason,1,4
P01099,Ad_Emotion,1,3
P04162,Ad_Reason,1,1
P02845,Ad_Reason,0,2
P00887,Ad_Reason,0,3
P04932,Ad_Emotion,0,2
P03679,Control,1,3
P04581,Ad_Reason,1,2
P03567,Control,0,2
P04402,Ad_Reason,0,4
P00516,Ad_Reason,1,4
P04621,Ad_Emotion,1,4
P00738,Ad_Reason,1,4
P01454,Ad_Reason,1,4
P03972,Ad_Emotion,1,5
P04701,Ad_Emotion,0,3
P02507,Ad_Emotion,1,3
P02995,Ad_Reason,1,2
P02127,Ad_Emotion,1,3
P02927,Ad_Emotion,1,5
P04746,Control,0,4
P00907,Ad_Emotion,0,5
P03648,Ad_Reason,0,2
P01031,Ad_Reason,1,4
P02508,Control,1,1
P02429,Ad_Reason,0,4
P00948,Control,1,3
P03807,Control,1,4
P04755,Ad_Reason,1,2
P00716,Ad_Emotion,1,5
P04056,Control,0,2
P00687,Control,0,2
P00704,Ad_Reason,0,2
P03342,Ad_Reason,1,2
P02354,Ad_Reason,0,3
P02258,Control,1,5
P03552,Ad_Emotion,0,5
P00474,Ad_Reason,0,3
P00022,Ad_Reason,1,4
P02753,Control,0,3
P00886,Ad_Emotion,1,4
P02449,Ad_Emotion,1,3
P00918,Ad_Reason,1,3
P03758,Ad_Reason,1,4
P03752,Control,1,2
P02240,Control,1,3
P03845,Control,0,3
P03396,Ad_Emotion,1,4
P01266,Ad_Reason,1,2
P00484,Ad_Emotion,1,4
P04338,Control,1,5
P02964,Ad_Reason,0,4
P01220,Control,1,4
P00278,Control,0,3
P00989,Ad_Reason,0,4
P02085,Ad_Reason,0,4
P01246,Control,1,5
P02383,Control,1,1
P00572,Ad_Reason,0,2
P01436,Ad_Reason,0,5
P00994,Control,1,3
P03931,Control,1,2
P03448,Ad_Reason,0,2
P00586,Ad_Reason,1,3
P03659,Control,1,2
P02515,Ad_Emotion,1,5
P01350,Control,0,3
P01008,Ad_Emotion,1,4
P00675,Ad_Reason,0,4
P02413,Ad_Emotion,0,5
P02904,Ad_Emotion,1,5
P00448,Control,1,4
P03835,Ad_Emotion,1,3
P03759,Control,1,3
P03704,Ad_Emotion,0,4
P00360,Ad_Reason,0,3
P02065,Ad_Emotion,0,4
P04450,Control,1,3
P03811,Control,1,4
P01691,Ad_Reason,1,2
P04327,Ad_Reason,1,4
P01549,Ad_Emotion,0,3
P01248,Ad_Emotion,0,4
P01986,Control,0,4
P00295,Ad_Reason,0,5
P01548,Ad_Reason,1,5
P02013,Ad_Reason,1,5
P00589,Control,1,4
P03330,Ad_Emotion,0,4
P02404,Control,1,3
P02130,Control,0,4
P04389,Control,0,4
P02411,Ad_Emotion,1,3
P02720,Control,1,3
P00426,Control,0,3
P02583,Ad_Emotion,0,3
P01055,Control,0,4
P03967,Ad_Emotion,1,4
P04563,Control,1,5
P00557,Ad_Reason,1,2
P04359,Control,0,2
P03939,Ad_Emotion,0,4
P04713,Control,1,4
P02470,Ad_Emotion,0,4
P04711,Ad_Reason,0,4
P00356,Control,1,2
P01194,Ad_Reason,0,2
P01717,Ad_Emotion,1,4
P03417,Ad_Reason,1,2
P02605,Control,0,2
P04130,Ad_Emotion,1,4
P02829,Ad_Emotion,1,3
P01705,Ad_Reason,1,5
P02864,Ad_Reason,0,5
P02619,Control,1,1
P02401,Ad_Emotion,1,3
P02140,Control,0,1
P03240,Control,0,2
P02384,Control,0,4
P03219,Ad_Reason,1,3
P03936,Ad_Reason,1,4
P01286,Ad_Emotion,1,2
P03797,Control,1,4
P04895,Ad_Reason,0,3
P04469,Ad_Reason,0,3
P02088,Control,0,3
P01890,Control,1,2
P04623,Ad_Reason,0,2
P01592,Ad_Emotion,1,5
P01347,Ad_Emotion,0,4
P04432,Ad_Emotion,1,5
P02163,Ad_Emotion,0,4
P02397,Control,1,3
P04769,Control,0,1
P02272,Ad_Reason,0,3
P04491,Ad_Reason,0,3
P03112,Ad_Emotion,0,5
P01138,Ad_Reason,1,4
P03896,Ad_Emotion,0,5
P00973,Control,0,4
P00796,Ad_Reason,1,3
P03021,Ad_Reason,1,3
P01712,Control,1,3
P03388,Ad_Reason,0,2
P00037,Control,1,3
P00454,Ad_Emotion,0,3
P00914,Ad_Emotion,1,5
P04082,Ad_Reason,1,1
P01200,Ad_Reason,1,5
P01275,Ad_Emotion,1,3
P02376,Ad_Emotion,1,2
P00038,Control,0,4
P00975,Ad_Reason,1,4
P03196,Ad_Emotion,1,5
P00984,Ad_Reason,1,4
P03905,Ad_Emotion,1,5
P04070,Control,1,4
P01419,Control,1,3
P03333,Control,1,3
P01561,Control,0,4
P00040,Control,0,2
P01487,Control,1,2
P03884,Ad_Emotion,1,3
P00170,Ad_Emotion,1,1
P01356,Ad_Emotion,1,4
P02786,Ad_Reason,1,1
P03633,Ad_Reason,1,3
P04749,Ad_Reason,1,4
P04005,Ad_Reason,0,3
P02683,Ad_Reason,1,5
P04705,Ad_Emotion,1,2
P04026,Ad_Emotion,0,5
P01641,Ad_Emotion,1,4
P01291,Control,0,1
P01381,Control,1,5
P01934,Ad_Emotion,1,4
P00580,Ad_Emotion,1,3
P04221,Control,0,2
P03161,Ad_Reason,1,3
P02031,Ad_Emotion,1,3
P00893,Ad_Reason,0,3
P03952,Ad_Reason,1,3
P00781,Ad_Reason,0,4
P00160,Control,1,3
P00003,Control,0,1
P02264,Ad_Emotion,1,3
P03217,Ad_Emotion,1,1
P02110,Ad_Reason,1,4
P00850,Ad_Reason,1,2
P02738,Ad_Emotion,1,4
P02467,Ad_Reason,1,5
P03651,Ad_Reason,0,2
P01597,Ad_Reason,1,4
P01777,Ad_Reason,1,3
P01914,Control,0,5
P01044,Ad_Reason,0,3
P04714,Ad_Reason,1,2
P01545,Ad_Emotion,1,4
P02737,Control,1,3
P03707,Ad_Reason,0,2
P04618,Ad_Reason,1,3
P00054,Ad_Reason,1,3
P01797,Ad_Emotion,0,5
P01912,Ad_Emotion,0,2
P02307,Ad_Emotion,0,4
P02554,Control,0,4
P02801,Control,0,3
P04087,Control,0,4
P04128,Ad_Emotion,0,4
P00825,Control,0,3
P04734,Control,0,4
P03179,Ad_Reason,0,3
P03402,Ad_Reason,1,3
P01390,Ad_Emotion,0,4
P03565,Ad_Emotion,1,3
P04877,Ad_Emotion,1,3
P00885,Ad_Emotion,1,3
P03806,Ad_Reason,0,5
P01608,Ad_Reason,1,1
P01595,Control,0,3
P00772,Ad_Reason,0,3
P02612,Ad_Emotion,1,2
P04662,Ad_Reason,1,4
P02274,Ad_Reason,1,4
P01869,Ad_Reason,1,4
P01086,Control,1,1
P00011,Control,0,4
P03612,Control,1,2
P01326,Ad_Emotion,1,4
P03391,Control,1,4
P01464,Ad_Reason,1,2
P00807,Control,1,4
P04261,Ad_Reason,1,3
P03986,Ad_Emotion,1,2
P03772,Ad_Emotion,1,5
P02109,Control,0,2
P04236,Ad_Emotion,0,3
P04957,Ad_Emotion,1,3
P02235,Ad_Reason,0,4
P03212,Ad_Reason,0,3
P00964,Ad_Reason,1,4
P03416,Ad_Reason,1,2
P03754,Ad_Reason,1,3
P00399,Control,1,3
P02633,Ad_Reason,1,5
P04852,Control,0,3
P02997,Ad_Reason,1,4
P00705,Ad_Emotion,0,4
P00432,Control,1,3
P00293,Control,0,3
P04868,Ad_Emotion,0,3
P00146,Control,0,4
P04394,Ad_Emotion,1,5
P02034,Ad_Emotion,0,4
P04284,Ad_Reason,1,4
P01166,Control,0,2
P03501,Ad_Emotion,1,3
P02051,Ad_Emotion,0,3
P02625,Ad_Reason,0,4
P04379,Control,1,3
P00340,Ad_Emotion,0,4
P03880,Ad_Emotion,1,3
P04633,Ad_Emotion,1,4
P02974,Control,0,4
P00266,Ad_Emotion,1,2
P02425,Control,0,5
P01263,Control,1,3
P01772,Control,0,1
P03512,Control,0,3
P00272,Ad_Emotion,1,4
P00697,Control,0,3
P00748,Ad_Emotion,0,5
P00245,Ad_Reason,1,4
P00318,Ad_Emotion,1,4
P00477,Ad_Reason,0,4
P02033,Ad_Reason,1,3
P00958,Ad_Reason,1,5
P03817,Ad_Emotion,1,2
P00814,Control,1,3
P04533,Control,1,3
P01915,Control,1,4
P04603,Ad_Reason,1,2
P03488,Control,1,1
P01298,Ad_Emotion,1,4
P04031,Ad_Emotion,1,4
P01805,Ad_Emotion,1,5
P00759,Control,0,2
P00251,Control,1,4
P02462,Ad_Reason,0,5
P00546,Ad_Emotion,0,3
P03242,Ad_Reason,1,2
P00739,Ad_Emotion,1,3
P00311,Ad_Reason,1,3
P03781,Ad_Reason,1,4
P02942,Control,1,2
P01132,Control,0,5
P01450,Ad_Reason,0,2
P04920,Ad_Emotion,1,2
P00016,Ad_Reason,1,4
P03233,Control,0,1
P02770,Ad_Emotion,1,3
P03469,Ad_Reason,1,5
P00921,Control,1,3
P03030,Control,0,2
P01373,Ad_Emotion,1,4
P03588,Ad_Emotion,1,4
P02545,Ad_Reason,1,3
P03599,Ad_Emotion,1,4
P00039,Ad_Reason,0,2
P00364,Ad_Emotion,1,5
P04102,Ad_Emotion,0,4
P00183,Ad_Emotion,1,4
P03034,Ad_Emotion,0,3
P02984,Ad_Emotion,1,5
P01195,Control,1,3
P02853,Ad_Reason,1,4
P04543,Control,1,2
P01122,Ad_Emotion,1,3
P02236,Control,0,4
P02668,Ad_Reason,1,3
P03700,Control,1,2
P03224,Control,1,2
P01183,Ad_Reason,0,4
P04185,Ad_Emotion,1,3
P04294,Ad_Reason,1,3
P00615,Control,0,3
P04909,Control,1,1
P01467,Control,1,2
P00402,Ad_Emotion,0,4
P03043,Control,0,2
P00935,Control,1,4
P02420,Ad_Reason,0,4
P04861,Control,0,4
P04911,Control,1,5
P02642,Ad_Reason,0,3
P04018,Ad_Emotion,0,4
P00727,Ad_Reason,0,3
P00827,Control,0,5
P01522,Ad_Reason,1,5
P04857,Ad_Emotion,0,4
P02931,Control,0,3
P00137,Ad_Emotion,0,5
P03591,Control,1,3
P00629,Ad_Reason,0,3
P00335,Control,1,4
P00391,Ad_Emotion,1,4
P04388,Control,0,3
P04905,Ad_Reason,1,2
P03833,Ad_Reason,1,2
P01818,Control,0,3
P00401,Ad_Emotion,1,5
P00711,Ad_Emotion,0,3
P01040,Control,1,4
P03990,Ad_Reason,1,3
P03360,Ad_Reason,1,2
P00047,Ad_Emotion,0,4
P01562,Ad_Reason,1,3
P04800,Control,0,4
P03643,Ad_Reason,1,3
P03727,Ad_Emotion,1,5
P04983,Ad_Emotion,1,5
P01113,Control,1,3
P02514,Ad_Reason,1,5
P03609,Ad_Emotion,1,3
P01224,Ad_Reason,1,4
P04061,Ad_Emotion,1,5
P03024,Control,1,4
P02422,Control,1,3
P01509,Ad_Reason,0,1
P01751,Control,1,2
P04838,Ad_Emotion,0,3
P04097,Ad_Reason,0,2
P01800,Ad_Emotion,0,4
P00339,Ad_Reason,1,3
P00216,Ad_Emotion,1,3
P03664,Ad_Emotion,1,3
P01342,Ad_Emotion,1,3
P00012,Control,0,4
P01521,Ad_Emotion,1,3
P03641,Ad_Reason,0,3
P03938,Control,1,3
P04428,Ad_Reason,0,4
P03005,Control,0,3
P02865,Ad_Emotion,0,1
P03116,Ad_Reason,1,4
P04841,Control,0,4
P02323,Control,0,2
P02572,Ad_Emotion,1,3
P02914,Ad_Reason,1,3
P00102,Control,1,2
P03550,Control,0,3
P01459,Ad_Emotion,0,2
P00172,Ad_Emotion,1,2
P00108,Control,0,5
P04197,Control,0,2
P03570,Control,0,4
P04992,Ad_Reason,0,4
P04296,Control,0,1
P04064,Ad_Emotion,1,4
P03862,Ad_Reason,1,3
P04123,Control,1,3
P04630,Ad_Reason,0,4
P00061,Ad_Emotion,1,4
P01241,Ad_Emotion,0,4
P04638,Ad_Emotion,1,5
P01041,Ad_Reason,0,4
P04188,Ad_Emotion,0,2
P02761,Ad_Emotion,1,3
P02121,Control,1,5
P01525,Ad_Emotion,0,4
P03522,Control,0,5
P00154,Control,0,4
P02249,Control,0,3
P00482,Ad_Emotion,0,4
P04234,Ad_Reason,0,3
P04306,Ad_Emotion,1,2
P03579,Ad_Emotion,1,4
P04126,Ad_Emotion,1,5
P03563,Ad_Emotion,1,3
P03316,Control,1,3
P01763,Ad_Reason,1,4
P03539,Control,0,2
P04804,Ad_Emotion,1,3
P00751,Control,1,2
P03620,Ad_Emotion,1,3
P01786,Ad_Emotion,1,2
P04271,Control,1,2
P03384,Ad_Emotion,1,5
P04349,Ad_Reason,1,2
P00406,Control,1,3
P00758,Ad_Emotion,1,3
P02712,Ad_Reason,0,4
P02671,Ad_Emotion,0,5
P03984,Ad_Reason,0,4
P00098,Control,0,3
P01334,Ad_Emotion,0,3
P04452,Control,0,2
P02792,Ad_Reason,1,5
P02855,Ad_Reason,1,3
P00187,Control,0,4
P04004,Ad_Reason,0,4
P02724,Ad_Emotion,1,3
P03584,Ad_Reason,1,4
P02059,Control,1,4
P01320,Control,0,5
P00149,Ad_Reason,1,3
P00029,Control,0,2
P04141,Ad_Reason,0,3
P04010,Ad_Reason,0,4
P03364,Ad_Reason,1,3
P00693,Control,0,3
P02867,Ad_Reason,1,1
P03777,Ad_Emotion,0,4
P01387,Ad_Reason,1,5
P01846,Control,0,3
P04731,Ad_Emotion,1,4
P00130,Ad_Emotion,1,4
P01600,Ad_Reason,1,4
P03630,Ad_Reason,0,4
P04504,Ad_Emotion,1,4
P00702,Control,0,3
P03983,Ad_Emotion,0,3
P03029,Ad_Emotion,0,3
P02970,Ad_Emotion,1,4
P04357,Control,0,3
P01709,Control,0,3
P02954,Ad_Emotion,0,4
P00455,Ad_Reason,1,4
P02869,Control,1,4
P02041,Ad_Emotion,0,4
P01773,Ad_Emotion,1,2
P02316,Ad_Reason,1,3
P00610,Ad_Emotion,1,4
P00168,Ad_Reason,1,1
P00731,Control,0,4
P04249,Ad_Reason,0,3
P03359,Ad_Reason,0,4
P02075,Ad_Reason,1,5
P04040,Ad_Reason,0,3
P03701,Control,0,4
P01623,Ad_Reason,1,3
P00588,Ad_Reason,1,3
P01402,Ad_Reason,0,3
P03046,Ad_Reason,0,5
P03225,Ad_Emotion,1,3
P01701,Control,0,4
P03089,Ad_Emotion,1,2
P04391,Ad_Emotion,1,5
P02982,Ad_Emotion,1,5
P00041,Ad_Reason,0,3
P01380,Ad_Emotion,0,3
P02090,Ad_Reason,0,4
P02176,Ad_Reason,1,5
P03218,Ad_Emotion,1,2
P02886,Control,0,4
P00075,Ad_Emotion,1,3
P03910,Ad_Emotion,1,4
P04965,Ad_Emotion,0,3
P02658,Control,1,3
P03181,Ad_Emotion,1,4
P02077,Ad_Emotion,1,2
P00442,Control,0,4
P04052,Ad_Reason,1,2
P02052,Ad_Reason,0,4
P02542,Ad_Reason,1,3
P03307,Control,0,2
P01302,Ad_Reason,1,4
P01782,Ad_Reason,0,2
P04815,Control,1,3
P03431,Ad_Reason,1,2
P01305,Control,1,3
P00237,Ad_Emotion,0,3
P02600,Ad_Emotion,0,3
P00521,Ad_Reason,1,4
P02574,Control,1,2
P03281,Control,1,3
P03187,Control,1,1
P02769,Ad_Emotion,1,4
P00736,Ad_Reason,0,5
P04704,Control,0,5
P04930,Ad_Reason,0,3
P02107,Ad_Reason,1,4
P02680,Ad_Reason,0,2
P03230,Ad_Emotion,1,5
P02762,Control,1,4
P00593,Ad_Emotion,0,3
P01304,Control,0,4
P01388,Ad_Emotion,0,3
P04696,Control,1,3
P04527,Ad_Emotion,0,4
P03948,Ad_Reason,1,2
P01891,Ad_Reason,1,4
P02988,Control,1,2
P04925,Ad_Emotion,1,3
P03298,Ad_Emotion,0,3
P00905,Control,0,4
P04610,Ad_Emotion,1,3
P01280,Ad_Emotion,1,2
P00934,Control,1,2
P04900,Control,0,3
P02309,Ad_Reason,1,2
P01556,Ad_Emotion,1,2
P04534,Control,0,5
P03191,Ad_Reason,0,2
P04442,Ad_Reason,0,3
P00707,Control,0,3
P04691,Ad_Emotion,0,3
P03071,Ad_Reason,1,4
P00746,Control,1,4
P03595,Ad_Emotion,0,3
P01940,Ad_Reason,0,2
P04401,Ad_Emotion,1,5
P02863,Ad_Emotion,0,4
P03997,Control,0,5
P00514,Ad_Reason,0,1
P00082,Ad_Reason,1,3
P04977,Ad_Emotion,1,5
P01309,Control,1,3
P04615,Control,1,3
P00915,Ad_Reason,1,4
P03453,Control,1,2
P03696,Ad_Reason,1,3
P04805,Ad_Reason,0,3
P03157,Ad_Emotion,1,3
P02199,Control,0,4
P04233,Control,1,3
P00775,Ad_Reason,1,4
P00330,Control,0,4
P02055,Ad_Emotion,1,3
P02002,Ad_Reason,1,3
P00944,Control,1,2
P00823,Ad_Emotion,0,4
P04528,Control,0,2
P00910,Control,0,2
P02517,Ad_Emotion,1,3
P00182,Control,0,5
P00165,Ad_Emotion,1,1
P01524,Control,1,3
P00452,Ad_Reason,1,5
P02539,Ad_Emotion,1,4
P04138,Control,0,4
P04776,Control,1,3
P01312,Ad_Reason,0,3
P03150,Ad_Emotion,1,1
P01112,Ad_Reason,1,4
P04548,Ad_Emotion,0,3
P04086,Control,1,2
P03490,Ad_Emotion,1,3
P01288,Ad_Emotion,1,5
P04178,Control,0,5
P04646,Control,1,3
P03681,Control,0,3
P04512,Ad_Reason,1,2
P04169,Control,1,3
P03301,Control,0,5
P03311,Ad_Reason,0,3
P04557,Ad_Reason,1,1
P03126,Ad_Emotion,1,4
P00328,Ad_Emotion,1,5
P01791,Control,0,1
P02491,Ad_Reason,0,3
P02007,Control,1,3
P02008,Ad_Emotion,1,4
P01859,Ad_Reason,0,3
P04686,Control,0,4
P00313,Control,1,3
P00833,Ad_Emotion,1,2
P03080,Ad_Emotion,1,2
P04718,Ad_Emotion,1,5
P03463,Ad_Reason,1,4
P01202,Ad_Reason,0,3
P04392,Ad_Emotion,0,3
P03548,Control,0,2
P04923,Ad_Reason,1,2
P02135,Control,1,3
P03452,Control,1,1
P02210,Control,0,2
P01902,Ad_Emotion,1,3
P01482,Ad_Reason,1,4
P00778,Ad_Reason,0,3
P00800,Control,0,4
P03715,Ad_Reason,1,5
P03943,Ad_Reason,0,4
P00055,Ad_Emotion,1,4
P02973,Ad_Emotion,1,4
P03336,Ad_Emotion,1,3
P01921,Ad_Emotion,1,4
P03716,Ad_Reason,1,5
P04647,Control,1,3
P00947,Ad_Reason,1,5
P01702,Ad_Reason,1,2
P03294,Ad_Emotion,0,2
P02162,Control,1,4
P01137,Ad_Reason,1,4
P00988,Ad_Emotion,1,5
P02550,Ad_Emotion,1,4
P00194,Ad_Reason,1,2
P03058,Control,0,3
P03247,Control,1,1
P01395,Ad_Emotion,1,2
P02638,Ad_Emotion,1,5
P00769,Ad_Reason,1,4
P04703,Control,1,3
P03091,Control,0,1
P03496,Ad_Reason,0,3
P03216,Control,0,2
P00286,Control,1,4
P04939,Control,1,2
P00429,Ad_Emotion,1,3
P04449,Ad_Reason,1,3
P02333,Ad_Emotion,1,3
P02718,Control,0,4
P02080,Ad_Emotion,0,3
P03390,Control,1,2
P00723,Ad_Reason,0,1
P00952,Ad_Reason,0,3
P04384,Ad_Reason,1,3
P04367,Control,0,2
P02263,Ad_Emotion,0,5
P00990,Ad_Emotion,1,4
P03213,Ad_Reason,0,3
P01760,Ad_Emotion,1,5
P04580,Control,0,4
P00327,Ad_Reason,0,2
P02609,Ad_Reason,1,2
P01384,Ad_Reason,0,4
P01725,Ad_Reason,0,4
P01087,Ad_Reason,0,3
P02524,Ad_Emotion,1,3
P00342,Ad_Emotion,1,4
P03702,Control,1,2
P00148,Control,0,3
P00689,Ad_Emotion,1,5
P03433,Control,1,2
P01108,Control,0,1
P00849,Ad_Reason,1,2
P00967,Control,0,4
P04728,Control,1,3
P01493,Ad_Emotion,0,3
P03954,Control,0,2
P02204,Ad_Reason,0,4
P02714,Ad_Emotion,0,3
P00662,Ad_Reason,0,4
P01003,Control,1,2
P00063,Ad_Emotion,0,3
P00285,Ad_Reason,1,3
P02225,Ad_Emotion,0,3
P04707,Ad_Emotion,1,4
P01880,Control,1,3
P03573,Ad_Emotion,0,1
P04858,Control,0,2
P01204,Control,0,3
P01991,Ad_Emotion,0,5
P00025,Ad_Reason,1,2
P04853,Ad_Emotion,0,4
P04103,Ad_Reason,1,5
P04168,Ad_Emotion,1,2
P00763,Ad_Reason,0,4
P00876,Control,1,2
P04743,Ad_Emotion,0,3
P00939,Control,0,2
P02688,Control,1,2
P03601,Ad_Emotion,1,5
P02395,Ad_Emotion,1,4
P04568,Ad_Emotion,0,5
P04981,Ad_Emotion,1,4
P04125,Ad_Reason,1,2
P04565,Control,0,3
P00386,Ad_Emotion,0,5
P03878,Ad_Emotion,1,3
P04371,Ad_Emotion,0,5
P04570,Ad_Reason,1,4
P00537,Ad_Reason,0,5
P02292,Control,1,3
P04666,Control,0,2
P03875,Ad_Emotion,1,3
P00937,Ad_Emotion,1,5
P03738,Ad_Emotion,1,2
P04729,Ad_Emotion,0,2
P02361,Ad_Emotion,1,4
P03508,Ad_Reason,0,3
P00202,Ad_Emotion,1,4
P03209,Control,0,4
P01333,Control,1,2
P03017,Ad_Emotion,1,2
P03503,Control,0,5
P02709,Control,0,2
P04022,Ad_Emotion,1,3
P01855,Control,0,4
P04470,Ad_Reason,1,3
P02873,Control,1,3
P03031,Control,0,3
P01206,Ad_Reason,1,4
P01646,Ad_Reason,1,3
P03418,Ad_Reason,1,5
P03477,Ad_Emotion,1,1
P02862,Ad_Emotion,0,4
P01793,Ad_Emotion,1,3
P03798,Ad_Reason,0,5
P03369,Control,1,3
P03368,Ad_Reason,1,3
P03534,Ad_Reason,1,4
P03450,Ad_Reason,1,4
P00604,Control,0,4
P03057,Ad_Reason,0,2
P04532,Ad_Emotion,1,3
P00127,Control,1,3
P03877,Ad_Emotion,1,4
P02936,Ad_Reason,1,4
P03532,Ad_Emotion,0,2
P02731,Control,0,3
P00828,Ad_Emotion,1,3
P01640,Control,1,2
P00985,Ad_Reason,0,3
P03282,Control,1,3
P04972,Control,1,1
P02189,Ad_Emotion,0,3
P04613,Ad_Reason,0,2
P02444,Ad_Emotion,1,4
P00363,Ad_Emotion,1,3
P02350,Ad_Reason,1,3
P00346,Ad_Reason,1,5
P00815,Ad_Reason,0,4
P03206,Ad_Emotion,1,5
P04161,Ad_Reason,0,3
P04796,Ad_Reason,1,4
P03326,Ad_Emotion,0,3
P04107,Control,0,3
P02117,Ad_Reason,0,4
P01835,Ad_Reason,1,3
P00794,Ad_Reason,1,5
P04947,Control,0,3
P02675,Ad_Reason,1,4
P00095,Ad_Reason,0,5
P03757,Ad_Reason,0,4
P02892,Ad_Reason,0,2
P02372,Ad_Reason,1,4
P04150,Ad_Emotion,1,4
P04433,Control,1,4
P03229,Ad_Emotion,0,2
P02854,Ad_Reason,1,3
P02913,Ad_Emotion,1,5
P01866,Ad_Emotion,0,3
P01858,Ad_Reason,1,3
P02646,Ad_Emotion,1,5
P02244,Ad_Reason,1,3
P02337,Ad_Reason,1,3
P00951,Control,1,2
P03069,Ad_Emotion,0,4
P01121,Ad_Emotion,1,2
P02598,Ad_Reason,1,3
P02205,Ad_Emotion,1,4
P00420,Ad_Emotion,1,5
P00923,Ad_Emotion,1,4
P01255,Ad_Reason,0,3
P00478,Ad_Emotion,1,5
P02036,Ad_Reason,1,3
P01203,Ad_Emotion,1,2
P02627,Ad_Reason,1,3
P04819,Control,0,4
P01971,Ad_Emotion,1,4
P03111,Control,1,3
P04019,Ad_Reason,1,5
P02152,Ad_Emotion,1,2
P03688,Ad_Emotion,0,2
P01998,Ad_Emotion,0,2
P04034,Ad_Reason,0,4
P03055,Ad_Reason,0,3
P01249,Ad_Reason,1,5
P02193,Ad_Reason,1,4
P02713,Ad_Reason,1,3
P00993,Ad_Emotion,0,4
P02191,Ad_Emotion,0,4
P03763,Control,0,1
P03598,Ad_Reason,1,5
P01319,Ad_Reason,0,4
P01864,Ad_Emotion,1,4
P02344,Ad_Emotion,1,4
P02450,Ad_Emotion,0,4
P02137,Ad_Emotion,0,3
P01066,Control,1,2
P04961,Ad_Emotion,0,4
P02622,Ad_Emotion,1,4
P00078,Control,1,2
P02899,Ad_Reason,0,5
P01315,Ad_Emotion,1,4
P04373,Ad_Reason,1,4
P00873,Ad_Reason,1,5
P03851,Control,0,3
P04788,Ad_Emotion,1,4
P02966,Ad_Reason,0,4
P03392,Control,0,2
P02561,Ad_Reason,1,3
P04897,Ad_Emotion,0,4
P02636,Control,0,2
P03531,Ad_Emotion,1,5
P00376,Ad_Emotion,1,2
P01909,Ad_Reason,1,2
P04333,Control,0,4
P04380,Control,0,4
P04028,Ad_Reason,1,2
P01605,Ad_Reason,0,4
P01119,Control,1,4
P03678,Ad_Reason,1,3
P03491,Ad_Emotion,1,5
P04865,Ad_Reason,0,2
P02959,Ad_Emotion,1,4
P01995,Ad_Reason,1,4
P04956,Ad_Reason,0,4
P04356,Control,0,3
P02377,Ad_Reason,1,3
P01343,Control,1,3
P00321,Ad_Reason,0,4
P01620,Ad_Emotion,0,4
P03714,Ad_Reason,0,4
P02061,Ad_Emotion,0,3
P02220,Ad_Reason,1,3
P01674,Ad_Emotion,1,3
P00261,Ad_Reason,1,3
P04418,Ad_Emotion,1,5
P02040,Ad_Reason,0,3
P00902,Ad_Reason,1,5
P03745,Control,0,3
P02027,Ad_Reason,0,3
P01918,Ad_Reason,1,3
P01829,Ad_Emotion,1,3
P01574,Ad_Emotion,1,4
P04395,Control,1,4
P04209,Control,1,3
P00225,Ad_Reason,1,3
P00724,Ad_Reason,0,2
P04486,Control,0,3
P01142,Ad_Reason,0,3
P02763,Ad_Reason,1,4
P00847,Control,0,2
P02552,Ad_Reason,0,3
P02929,Ad_Reason,1,3
P00118,Control,0,1
P00646,Control,1,2
P00004,Control,1,2
P04171,Ad_Emotion,1,3
P00468,Ad_Emotion,1,4
P00006,Ad_Reason,1,3
P00920,Control,1,2
P02596,Ad_Reason,1,4
P01064,Control,1,5
P02591,Control,1,5
P00243,Control,0,1
P01161,Control,0,4
P02871,Control,0,3
P03736,Ad_Reason,1,3
P02398,Ad_Reason,0,3
P03518,Control,0,3
P03422,Ad_Emotion,1,4
P02564,Control,1,2
P01606,Ad_Emotion,1,3
P04829,Ad_Reason,0,3
P02325,Control,0,3
P02710,Control,1,4
P04399,Control,1,4
P01313,Control,1,3
P03449,Ad_Reason,0,4
P03813,Ad_Reason,1,4
P04656,Control,0,4
P02363,Control,1,3
P01976,Control,1,3
P03515,Ad_Emotion,1,4
P01762,Control,0,2
P02740,Ad_Reason,1,3
P04845,Ad_Emotion,1,4
P02473,Ad_Reason,1,4
P04008,Ad_Reason,0,3
P01494,Ad_Reason,1,4
P04207,Ad_Reason,1,2
P02159,Control,1,4
P01170,Control,1,3
P04517,Control,1,3
P00233,Control,1,3
P00067,Ad_Emotion,1,4
P01604,Control,1,3
P03284,Ad_Emotion,1,4
P03597,Ad_Reason,1,3
P00126,Ad_Reason,1,5
P01297,Ad_Emotion,0,5
P01977,Control,0,2
P04518,Ad_Reason,1,3
P04482,Control,0,2
P02076,Control,0,3
P03087,Ad_Reason,1,5
P04346,Ad_Emotion,1,3
P03346,Control,0,3
P04465,Control,1,4
P02798,Control,1,2
P00919,Control,1,2
P01647,Control,1,2
P00365,Control,0,2
P03288,Ad_Reason,1,1
P02126,Ad_Emotion,1,4
P04124,Control,1,5
P00526,Ad_Reason,0,3
P00056,Control,0,2
P00639,Ad_Emotion,0,3
P00303,Ad_Reason,1,3
P02767,Ad_Reason,0,2
P01277,Control,1,4
P02056,Ad_Reason,1,4
P03645,Control,1,2
P04144,Ad_Emotion,1,4
P02879,Ad_Emotion,1,5
P04203,Ad_Emotion,1,5
P02287,Ad_Reason,0,5
P02262,Ad_Emotion,0,3
P02297,Control,1,5
P01754,Ad_Reason,1,3
P01969,Control,1,2
P04352,Control,1,3
P03118,Ad_Emotion,1,3
P02394,Ad_Reason,0,4
P00524,Control,0,2
P03901,Control,1,3
P03123,Ad_Emotion,1,5
P04157,Ad_Emotion,1,4
P01970,Ad_Reason,1,3
P00672,Control,1,3
P04189,Ad_Emotion,1,5
P00667,Ad_Reason,1,2
P04339,Ad_Emotion,1,4
P01888,Control,1,3
P03267,Ad_Emotion,1,4
P00281,Control,0,4
P01720,Ad_Reason,1,2
P02948,Ad_Reason,1,2
P00900,Ad_Reason,0,1
P04851,Ad_Emotion,0,3
P00761,Ad_Reason,0,5
P01907,Ad_Reason,1,3
P04043,Ad_Reason,0,2
P03824,Ad_Reason,1,3
P04139,Ad_Emotion,0,2
P03819,Ad_Emotion,1,2
P04301,Ad_Reason,0,4
P02594,Control,1,2
P04165,Ad_Reason,1,4
P03032,Control,1,3
P03580,Ad_Reason,1,3
P02833,Ad_Reason,0,3
P03473,Ad_Reason,1,4
P00138,Control,1,4
P02181,Ad_Reason,1,4
P02129,Ad_Reason,1,4
P03178,Control,0,3
P04368,Ad_Emotion,1,4
P04262,Ad_Reason,0,3
P04345,Ad_Reason,1,3
P01332,Ad_Reason,1,3
P02018,Control,1,3
P02483,Ad_Emotion,1,3
P01359,Control,0,3
P01330,Control,0,4
P02151,Ad_Emotion,1,5
P02123,Ad_Emotion,1,2
P03982,Control,0,4
P01253,Ad_Reason,1,3
P03279,Control,0,4
P03375,Control,1,2
P02815,Control,0,3
P01849,Ad_Reason,1,4
P03038,Ad_Reason,0,2
P00389,Ad_Reason,1,4
P00236,Ad_Emotion,1,5
P01078,Ad_Reason,1,3
P01985,Control,0,4
P04364,Ad_Reason,1,3
P03963,Ad_Reason,1,4
P00771,Ad_Emotion,0,1
P02166,Ad_Reason,1,5
P00674,Ad_Emotion,0,5
P00250,Control,0,3
P01575,Ad_Reason,1,1
P03420,Ad_Reason,1,4
P02082,Ad_Emotion,1,2
P01824,Control,1,3
P00717,Ad_Emotion,1,4
P04669,Control,0,2
P02049,Control,1,4
P04179,Ad_Reason,0,4
P02725,Ad_Reason,1,4
P04522,Control,0,3
P01461,Control,0,2
P01669,Control,0,4
P02757,Ad_Reason,1,3
P02001,Ad_Emotion,1,2
P00405,Ad_Emotion,1,5
P00385,Control,0,5
P04536,Ad_Emotion,0,4
P02153,Ad_Reason,0,5
P01634,Ad_Reason,0,3
P04587,Control,0,3
P03926,Ad_Emotion,1,3
P04159,Ad_Emotion,1,5
P00224,Ad_Emotion,1,3
P02194,Control,0,4
P03137,Control,1,2
P01825,Ad_Emotion,1,3
P04601,Ad_Reason,1,4
P00798,Ad_Emotion,1,3
P02872,Ad_Emotion,1,3
P00010,Control,0,4
P01945,Ad_Emotion,1,5
P01839,Ad_Reason,1,4
P00256,Control,0,2
P04509,Ad_Reason,0,3
P01582,Ad_Emotion,1,4
P02957,Control,1,3
P00925,Control,0,2
P04430,Ad_Reason,1,4
P02509,Control,0,3
P03776,Control,0,1
P04137,Ad_Emotion,1,3
P02780,Control,1,2
P00540,Ad_Emotion,0,4
P02746,Ad_Emotion,1,5
P04499,Control,0,3
P04572,Ad_Emotion,0,3
P01146,Ad_Emotion,1,4
P00668,Control,0,3
P03020,Ad_Reason,1,4
P00358,Control,1,4
P02832,Ad_Reason,0,5
P02784,Control,0,3
P01354,Control,1,5
P00471,Control,1,4
P02704,Ad_Reason,1,3
P03331,Control,0,5
P03638,Ad_Emotion,1,4
P01397,Control,1,2
P03585,Control,0,5
P04487,Control,1,5
P03377,Ad_Emotion,1,4
P01257,Control,1,2
P03513,Control,0,3
P01251,Ad_Emotion,1,4
P04808,Ad_Emotion,0,5
P04299,Ad_Emotion,0,4
P03285,Ad_Emotion,0,4
P02934,Ad_Reason,1,5
P04176,Ad_Emotion,0,3
P01853,Control,0,4
P04870,Control,0,3
P02106,Ad_Reason,1,4
P00134,Ad_Emotion,1,3
P00929,Ad_Emotion,1,4
P00824,Ad_Emotion,0,3
P04544,Ad_Emotion,1,5
P01532,Ad_Reason,0,3
P01215,Ad_Reason,1,3
P00505,Ad_Reason,1,5
P04286,Ad_Reason,1,4
P01997,Control,1,1
P03073,Ad_Emotion,0,3
P01959,Ad_Reason,0,1
P01385,Ad_Emotion,0,3
P00895,Ad_Emotion,1,1
P00456,Control,0,3
P04880,Ad_Reason,0,2
P03710,Ad_Reason,1,3
P04619,Control,0,1
P04269,Ad_Emotion,1,4
P03523,Control,1,3
P04135,Ad_Reason,1,5
P03603,Ad_Reason,1,5
P00714,Ad_Emotion,1,4
P04187,Ad_Emotion,1,3
P02215,Ad_Reason,1,5
P02924,Ad_Reason,1,2
P01811,Control,1,2
P03487,Ad_Reason,1,3
P03142,Ad_Reason,1,5
P01828,Ad_Emotion,0,3
P01156,Ad_Reason,1,3
P01325,Ad_Reason,1,2
P04313,Ad_Emotion,0,5
P00511,Control,1,4
P01681,Ad_Emotion,0,4
P00500,Control,1,2
P04537,Control,1,2
P01857,Control,0,2
P01389,Ad_Reason,1,3
P03720,Ad_Reason,1,2
P02387,Ad_Emotion,1,2
